draft_group,draftableId,firstName,lastName,displayName,shortName,playerId,playerDkId,position,rosterSlotId,salary,status,isSwappable,isDisabled,newsStatus,playerImage50,playerImage160,altPlayerImage50,altPlayerImage160,competition.competitionId,competition.name,competition.nameDisplay.value,competition.nameDisplay.isEmphasized,competition.nameDisplay.value.1,competition.nameDisplay.value.2,competition.startTime,competitions.competitionId,competitions.name,competitions.nameDisplay.value,competitions.nameDisplay.isEmphasized,competitions.nameDisplay.value.1,competitions.nameDisplay.value.2,competitions.startTime,draftStatAttributes.id,draftStatAttributes.value,draftStatAttributes.sortValue,draftStatAttributes.id.1,draftStatAttributes.value.1,draftStatAttributes.sortValue.1,draftStatAttributes.quality,teamId,teamAbbreviation,playerGameHash
58120,19770907,Frank,Ntilikina,Frank Ntilikina,F. Ntilikina,1056995,33237,PG/SG,458,3000,None,TRUE,FALSE,None,https://dkn.gs/sports/images/nba/players/50/33237.png,https://dkn.gs/sports/images/nba/players/160/33237.png,"","",5770404,DAL @ ATL,DAL,TRUE, @ ,ATL,2021-10-21T23:30:00.0000000Z,5770404,DAL @ ATL,DAL,TRUE, @ ,ATL,2021-10-21T23:30:00.0000000Z,219,5.7,5.7,-2,14th,14,Medium,6,DAL,1056995-5770404
58120,19770799,Isaiah,Hartenstein,Isaiah Hartenstein,I. Hartenstein,1057004,33079,C,462,3100,None,TRUE,FALSE,None,https://dkn.gs/sports/images/nba/players/50/33079.png,https://dkn.gs/sports/images/nba/players/160/33079.png,"","",5770410,LAC @ GSW,LAC,TRUE, @ ,GSW,2021-10-22T02:00:00.0000000Z,5770410,LAC @ GSW,LAC,TRUE, @ ,GSW,2021-10-22T02:00:00.0000000Z,219,13.9,13.9,-2,15th,15,Medium,12,LAC,1057004-5770410
58120,19770928,Sandro,Mamukelashvili,Sandro Mamukelashvili,S. Mamukelashvili,1060351,591058,C,462,3000,None,TRUE,FALSE,None,https://dkn.gs/sports/images/nba/teams/50/32933.png,https://dkn.gs/sports/images/nba/teams/160/32933.png,"","",5774733,MIL @ MIA,MIL,TRUE, @ ,MIA,2021-10-22T00:00:00.0000000Z,5774733,MIL @ MIA,MIL,TRUE, @ ,MIA,2021-10-22T00:00:00.0000000Z,-2,14th,14,219,-,"",Medium,15,MIL,1060351-5774733
58120,19770951,Moses,Wright,Moses Wright,M. Wright,1060920,592433,SF/PF,460,3000,None,TRUE,FALSE,,https://dkn.gs/sports/images/nba/teams/50/32925.png,https://dkn.gs/sports/images/nba/teams/160/32925.png,"","",5770410,LAC @ GSW,LAC,TRUE, @ ,GSW,2021-10-22T02:00:00.0000000Z,5770410,LAC @ GSW,LAC,TRUE, @ ,GSW,2021-10-22T02:00:00.0000000Z,-2,8th,8,219,-,"",Low,12,LAC,1060920-5770410
58120,19770789,Marcus,Garrett,Marcus Garrett,M. Garrett,1060962,591165,SG,459,3100,None,TRUE,FALSE,Breaking,https://dkn.gs/sports/images/nba/teams/50/32931.png,https://dkn.gs/sports/images/nba/teams/160/32931.png,"","",5774733,MIL @ MIA,MIL,TRUE, @ ,MIA,2021-10-22T00:00:00.0000000Z,5774733,MIL @ MIA,MIL,TRUE, @ ,MIA,2021-10-22T00:00:00.0000000Z,-2,7th,7,219,-,"",Low,14,MIA,1060962-5774733
58120,19770535,Trae,Young,Trae Young,T. Young,1060978,32850,PG,458,9100,None,TRUE,FALSE,None,https://dkn.gs/sports/images/nba/players/50/32850.png,https://dkn.gs/sports/images/nba/players/160/32850.png,"","",5770404,DAL @ ATL,DAL,TRUE, @ ,ATL,2021-10-21T23:30:00.0000000Z,5770404,DAL @ ATL,DAL,TRUE, @ ,ATL,2021-10-21T23:30:00.0000000Z,219,46.7,46.7,-2,4th,4,Low,1,ATL,1060978-5770404
58120,19770838,KZ,Okpala,KZ Okpala,K. Okpala,1061544,33165,SF/PF,460,3000,None,TRUE,FALSE,Breaking,https://dkn.gs/sports/images/nba/players/50/33165.png,https://dkn.gs/sports/images/nba/players/160/33165.png,"","",5774733,MIL @ MIA,MIL,TRUE, @ ,MIA,2021-10-22T00:00:00.0000000Z,5774733,MIL @ MIA,MIL,TRUE, @ ,MIA,2021-10-22T00:00:00.0000000Z,219,6.3,6.3,-2,24th,24,High,14,MIA,1061544-5774733
58120,19770923,Tremont,Waters,Tremont Waters,T. Waters,1061694,32889,PG,458,3000,None,TRUE,FALSE,None,https://dkn.gs/sports/images/nba/players/50/32889.png,https://dkn.gs/sports/images/nba/players/160/32889.png,"","",5774733,MIL @ MIA,MIL,TRUE, @ ,MIA,2021-10-22T00:00:00.0000000Z,5774733,MIL @ MIA,MIL,TRUE, @ ,MIA,2021-10-22T00:00:00.0000000Z,219,8.4,8.4,-2,7th,7,Low,15,MIL,1061694-5774733
58120,19770603,Jordan,Poole,Jordan Poole,J. Poole,1067671,33061,PG/SG,458,5500,None,TRUE,FALSE,Recent,https://dkn.gs/sports/images/nba/players/50/33061.png,https://dkn.gs/sports/images/nba/players/160/33061.png,"","",5770410,LAC @ GSW,LAC,TRUE, @ ,GSW,2021-10-22T02:00:00.0000000Z,5770410,LAC @ GSW,LAC,TRUE, @ ,GSW,2021-10-22T02:00:00.0000000Z,219,19.2,19.2,-2,1st,1,Low,9,GSW,1067671-5770410
58120,19770719,Maxi,Kleber,Maxi Kleber,M. Kleber,1072048,33003,PF/C,461,3600,None,TRUE,FALSE,None,https://dkn.gs/sports/images/nba/players/50/33003.png,https://dkn.gs/sports/images/nba/players/160/33003.png,"","",5770404,DAL @ ATL,DAL,TRUE, @ ,ATL,2021-10-21T23:30:00.0000000Z,5770404,DAL @ ATL,DAL,TRUE, @ ,ATL,2021-10-21T23:30:00.0000000Z,219,17.9,17.9,-2,17th,17,Medium,6,DAL,1072048-5770404
58120,19770697,Jordan,Nwora,Jordan Nwora,J. Nwora,1076189,36556,SF/PF,460,3700,None,TRUE,FALSE,None,https://dkn.gs/sports/images/nba/teams/50/32933.png,https://dkn.gs/sports/images/nba/teams/160/32933.png,"","",5774733,MIL @ MIA,MIL,TRUE, @ ,MIA,2021-10-22T00:00:00.0000000Z,5774733,MIL @ MIA,MIL,TRUE, @ ,MIA,2021-10-22T00:00:00.0000000Z,219,9.8,9.8,-2,1st,1,Low,15,MIL,1076189-5774733
58120,19770519,Luka,Doncic,Luka Doncic,L. Doncic,1121277,33005,PG,458,10600,None,TRUE,FALSE,Breaking,https://dkn.gs/sports/images/nba/players/50/33005.png,https://dkn.gs/sports/images/nba/players/160/33005.png,"","",5770404,DAL @ ATL,DAL,TRUE, @ ,ATL,2021-10-21T23:30:00.0000000Z,5770404,DAL @ ATL,DAL,TRUE, @ ,ATL,2021-10-21T23:30:00.0000000Z,219,55.2,55.2,-2,14th,14,Medium,6,DAL,1121277-5770404
58120,19770681,Cam,Reddish,Cam Reddish,C. Reddish,1132027,32857,SG/SF,459,3900,None,TRUE,FALSE,None,https://dkn.gs/sports/images/nba/players/50/32857.png,https://dkn.gs/sports/images/nba/players/160/32857.png,"","",5770404,DAL @ ATL,DAL,TRUE, @ ,ATL,2021-10-21T23:30:00.0000000Z,5770404,DAL @ ATL,DAL,TRUE, @ ,ATL,2021-10-21T23:30:00.0000000Z,219,21.8,21.8,-2,15th,15,Medium,1,ATL,1132027-5770404
58120,19770889,Feron,Hunt,Feron Hunt,F. Hunt,1132598,591830,SF/PF,460,3000,None,TRUE,FALSE,,https://dkn.gs/sports/images/nba/teams/50/32911.png,https://dkn.gs/sports/images/nba/teams/160/32911.png,"","",5770404,DAL @ ATL,DAL,TRUE, @ ,ATL,2021-10-21T23:30:00.0000000Z,5770404,DAL @ ATL,DAL,TRUE, @ ,ATL,2021-10-21T23:30:00.0000000Z,-2,4th,4,219,-,"",Low,6,DAL,1132598-5770404
58120,19770619,Tyler,Herro,Tyler Herro,T. Herro,1134176,33164,PG/SG,458,5200,None,TRUE,FALSE,Breaking,https://dkn.gs/sports/images/nba/players/50/33164.png,https://dkn.gs/sports/images/nba/players/160/33164.png,"","",5774733,MIL @ MIA,MIL,TRUE, @ ,MIA,2021-10-22T00:00:00.0000000Z,5774733,MIL @ MIA,MIL,TRUE, @ ,MIA,2021-10-22T00:00:00.0000000Z,219,27.8,27.8,-2,6th,6,Low,14,MIA,1134176-5774733
58120,19770834,D.J.,Stewart Jr.,D.J. Stewart Jr.,D. Stewart Jr.,1134189,591164,PG/SG,458,3000,None,TRUE,FALSE,,https://dkn.gs/sports/images/nba/teams/50/32931.png,https://dkn.gs/sports/images/nba/teams/160/32931.png,"","",5774733,MIL @ MIA,MIL,TRUE, @ ,MIA,2021-10-22T00:00:00.0000000Z,5774733,MIL @ MIA,MIL,TRUE, @ ,MIA,2021-10-22T00:00:00.0000000Z,-2,7th,7,219,-,"",Low,14,MIA,1134189-5774733
58120,19770859,LJ,Figueroa,LJ Figueroa,L. Figueroa,1134662,591829,SG/SF,459,3000,None,TRUE,FALSE,,https://dkn.gs/sports/images/nba/teams/50/32917.png,https://dkn.gs/sports/images/nba/teams/160/32917.png,"","",5770410,LAC @ GSW,LAC,TRUE, @ ,GSW,2021-10-22T02:00:00.0000000Z,5770410,LAC @ GSW,LAC,TRUE, @ ,GSW,2021-10-22T02:00:00.0000000Z,-2,3rd,3,219,-,"",Low,9,GSW,1134662-5770410
58120,19770691,Moses,Brown,Moses Brown,M. Brown,1134769,58893,C,462,3800,None,TRUE,FALSE,None,https://dkn.gs/sports/images/nba/players/50/58893.png,https://dkn.gs/sports/images/nba/players/160/58893.png,"","",5770404,DAL @ ATL,DAL,TRUE, @ ,ATL,2021-10-21T23:30:00.0000000Z,5770404,DAL @ ATL,DAL,TRUE, @ ,ATL,2021-10-21T23:30:00.0000000Z,219,23.6,23.6,-2,17th,17,Medium,6,DAL,1134769-5770404
58120,19770964,Jason,Preston,Jason Preston,J. Preston,1137126,591038,PG,458,3000,OUT,TRUE,FALSE,None,https://dkn.gs/sports/images/nba/teams/50/32925.png,https://dkn.gs/sports/images/nba/teams/160/32925.png,"","",5770410,LAC @ GSW,LAC,TRUE, @ ,GSW,2021-10-22T02:00:00.0000000Z,5770410,LAC @ GSW,LAC,TRUE, @ ,GSW,2021-10-22T02:00:00.0000000Z,-2,8th,8,219,-,"",Low,12,LAC,1137126-5770410
58120,19770830,Javonte,Smart,Javonte Smart,J. Smart,1137201,591151,PG/SG,458,3000,None,TRUE,FALSE,,https://dkn.gs/sports/images/nba/teams/50/32931.png,https://dkn.gs/sports/images/nba/teams/160/32931.png,"","",5774733,MIL @ MIA,MIL,TRUE, @ ,MIA,2021-10-22T00:00:00.0000000Z,5774733,MIL @ MIA,MIL,TRUE, @ ,MIA,2021-10-22T00:00:00.0000000Z,-2,6th,6,219,-,"",Low,14,MIA,1137201-5774733
58120,19770817,AJ,Lawson,AJ Lawson,A. Lawson,1137214,591149,PG/SG,458,3000,None,TRUE,FALSE,None,https://dkn.gs/sports/images/nba/teams/50/32892.png,https://dkn.gs/sports/images/nba/teams/160/32892.png,"","",5770404,DAL @ ATL,DAL,TRUE, @ ,ATL,2021-10-21T23:30:00.0000000Z,5770404,DAL @ ATL,DAL,TRUE, @ ,ATL,2021-10-21T23:30:00.0000000Z,-2,17th,17,219,-,"",Medium,1,ATL,1137214-5770404
58120,19770856,Alen,Smailagic,Alen Smailagic,A. Smailagic,1148770,33062,PF,461,3000,None,TRUE,FALSE,None,https://dkn.gs/sports/images/nba/players/50/33062.png,https://dkn.gs/sports/images/nba/players/160/33062.png,"","",5770410,LAC @ GSW,LAC,TRUE, @ ,GSW,2021-10-22T02:00:00.0000000Z,5770410,LAC @ GSW,LAC,TRUE, @ ,GSW,2021-10-22T02:00:00.0000000Z,219,4.6,4.6,-2,1st,1,Low,9,GSW,1148770-5770410
58120,19770920,Jalen,Lecque,Jalen Lecque,J. Lecque,1173086,33318,PG,458,3000,None,TRUE,FALSE,None,https://dkn.gs/sports/images/nba/players/50/33318.png,https://dkn.gs/sports/images/nba/players/160/33318.png,"","",5774733,MIL @ MIA,MIL,TRUE, @ ,MIA,2021-10-22T00:00:00.0000000Z,5774733,MIL @ MIA,MIL,TRUE, @ ,MIA,2021-10-22T00:00:00.0000000Z,219,3.6,3.6,-2,7th,7,Low,15,MIL,1173086-5774733
58120,19770631,James,Wiseman,James Wiseman,J. Wiseman,1175120,527215,C,462,4900,OUT,TRUE,FALSE,Breaking,https://dkn.gs/sports/images/nba/teams/50/32917.png,https://dkn.gs/sports/images/nba/teams/160/32917.png,"","",5770410,LAC @ GSW,LAC,TRUE, @ ,GSW,2021-10-22T02:00:00.0000000Z,5770410,LAC @ GSW,LAC,TRUE, @ ,GSW,2021-10-22T02:00:00.0000000Z,219,21.6,21.6,-2,13th,13,Medium,9,GSW,1175120-5770410
58120,19770903,Tyrell,Terry,Tyrell Terry,T. Terry,1176568,527238,PG/SG,458,3000,None,TRUE,FALSE,Breaking,https://dkn.gs/sports/images/nba/teams/50/32911.png,https://dkn.gs/sports/images/nba/teams/160/32911.png,"","",5770404,DAL @ ATL,DAL,TRUE, @ ,ATL,2021-10-21T23:30:00.0000000Z,5770404,DAL @ ATL,DAL,TRUE, @ ,ATL,2021-10-21T23:30:00.0000000Z,219,3.3,3.3,-2,14th,14,Medium,6,DAL,1176568-5770404
58120,19770886,Nicolo,Melli,Nicolo Melli,N. Melli,1178793,33228,PF,461,3000,None,TRUE,FALSE,None,https://dkn.gs/sports/images/nba/players/50/33228.png,https://dkn.gs/sports/images/nba/players/160/33228.png,"","",5770404,DAL @ ATL,DAL,TRUE, @ ,ATL,2021-10-21T23:30:00.0000000Z,5770404,DAL @ ATL,DAL,TRUE, @ ,ATL,2021-10-21T23:30:00.0000000Z,219,8.4,8.4,-2,18th,18,Medium,6,DAL,1178793-5770404
58120,19770821,Onyeka,Okongwu,Onyeka Okongwu,O. Okongwu,1185367,481752,C,462,3000,OUT,TRUE,FALSE,None,https://dkn.gs/sports/images/nba/teams/50/32892.png,https://dkn.gs/sports/images/nba/teams/160/32892.png,"","",5770404,DAL @ ATL,DAL,TRUE, @ ,ATL,2021-10-21T23:30:00.0000000Z,5770404,DAL @ ATL,DAL,TRUE, @ ,ATL,2021-10-21T23:30:00.0000000Z,219,10.4,10.4,-2,10th,10,Medium,1,ATL,1185367-5770404
58120,19770792,Josh,Green,Josh Green,J. Green,1193670,527227,SF/PF,460,3100,None,TRUE,FALSE,None,https://dkn.gs/sports/images/nba/teams/50/32911.png,https://dkn.gs/sports/images/nba/teams/160/32911.png,"","",5770404,DAL @ ATL,DAL,TRUE, @ ,ATL,2021-10-21T23:30:00.0000000Z,5770404,DAL @ ATL,DAL,TRUE, @ ,ATL,2021-10-21T23:30:00.0000000Z,219,6.8,6.8,-2,4th,4,Low,6,DAL,1193670-5770404
58120,19770867,Nico,Mannion,Nico Mannion,N. Mannion,1193675,527258,PG,458,3000,None,TRUE,FALSE,None,https://dkn.gs/sports/images/nba/teams/50/32917.png,https://dkn.gs/sports/images/nba/teams/160/32917.png,"","",5770410,LAC @ GSW,LAC,TRUE, @ ,GSW,2021-10-22T02:00:00.0000000Z,5770410,LAC @ GSW,LAC,TRUE, @ ,GSW,2021-10-22T02:00:00.0000000Z,219,10.5,10.5,-2,21st,21,Medium,9,GSW,1193675-5770410
58120,19770811,Jalen,Johnson,Jalen Johnson,J. Johnson,1230356,591025,PF,461,3000,Q,TRUE,FALSE,Recent,https://dkn.gs/sports/images/nba/teams/50/32892.png,https://dkn.gs/sports/images/nba/teams/160/32892.png,"","",5770404,DAL @ ATL,DAL,TRUE, @ ,ATL,2021-10-21T23:30:00.0000000Z,5770404,DAL @ ATL,DAL,TRUE, @ ,ATL,2021-10-21T23:30:00.0000000Z,-2,9th,9,219,-,"",Low,1,ATL,1230356-5770404
58120,19770783,Moses,Moody,Moses Moody,M. Moody,1231366,591015,SG,459,3100,None,TRUE,FALSE,Breaking,https://dkn.gs/sports/images/nba/teams/50/32917.png,https://dkn.gs/sports/images/nba/teams/160/32917.png,"","",5770410,LAC @ GSW,LAC,TRUE, @ ,GSW,2021-10-22T02:00:00.0000000Z,5770410,LAC @ GSW,LAC,TRUE, @ ,GSW,2021-10-22T02:00:00.0000000Z,-2,1st,1,219,-,"",Low,9,GSW,1231366-5770410
58120,19770777,Keon,Johnson,Keon Johnson,K. Johnson,1231792,591026,SG,459,3200,OUT,TRUE,FALSE,Recent,https://dkn.gs/sports/images/nba/teams/50/32925.png,https://dkn.gs/sports/images/nba/teams/160/32925.png,"","",5770410,LAC @ GSW,LAC,TRUE, @ ,GSW,2021-10-22T02:00:00.0000000Z,5770410,LAC @ GSW,LAC,TRUE, @ ,GSW,2021-10-22T02:00:00.0000000Z,-2,16th,16,219,-,"",Medium,12,LAC,1231792-5770410
58120,19770955,Brandon,Boston Jr.,Brandon Boston Jr.,B. Boston Jr.,1245906,591055,SG,459,3000,None,TRUE,FALSE,None,https://dkn.gs/sports/images/nba/teams/50/32925.png,https://dkn.gs/sports/images/nba/teams/160/32925.png,"","",5770410,LAC @ GSW,LAC,TRUE, @ ,GSW,2021-10-22T02:00:00.0000000Z,5770410,LAC @ GSW,LAC,TRUE, @ ,GSW,2021-10-22T02:00:00.0000000Z,-2,16th,16,219,-,"",Medium,12,LAC,1245906-5770410
58120,19770786,Sharife,Cooper,Sharife Cooper,S. Cooper,1251661,591052,PG,458,3100,None,TRUE,FALSE,Breaking,https://dkn.gs/sports/images/nba/teams/50/32892.png,https://dkn.gs/sports/images/nba/teams/160/32892.png,"","",5770404,DAL @ ATL,DAL,TRUE, @ ,ATL,2021-10-21T23:30:00.0000000Z,5770404,DAL @ ATL,DAL,TRUE, @ ,ATL,2021-10-21T23:30:00.0000000Z,-2,4th,4,219,-,"",Low,1,ATL,1251661-5770404
58120,19770958,Jay,Scrubb,Jay Scrubb,J. Scrubb,1257432,527265,SG,459,3000,None,TRUE,FALSE,None,https://dkn.gs/sports/images/nba/teams/50/32925.png,https://dkn.gs/sports/images/nba/teams/160/32925.png,"","",5770410,LAC @ GSW,LAC,TRUE, @ ,GSW,2021-10-22T02:00:00.0000000Z,5770410,LAC @ GSW,LAC,TRUE, @ ,GSW,2021-10-22T02:00:00.0000000Z,219,6.1,6.1,-2,16th,16,Medium,12,LAC,1257432-5770410
58120,19770726,Jonathan,Kuminga,Jonathan Kuminga,J. Kuminga,1271708,590990,SF,460,3500,OUT,TRUE,FALSE,Breaking,https://dkn.gs/sports/images/nba/teams/50/32917.png,https://dkn.gs/sports/images/nba/teams/160/32917.png,"","",5770410,LAC @ GSW,LAC,TRUE, @ ,GSW,2021-10-22T02:00:00.0000000Z,5770410,LAC @ GSW,LAC,TRUE, @ ,GSW,2021-10-22T02:00:00.0000000Z,-2,3rd,3,219,-,"",Low,9,GSW,1271708-5770410
58120,19770936,Georgios,Kalaitzakis,Georgios Kalaitzakis,G. Kalaitzakis,1323544,591064,SG,459,3000,None,TRUE,FALSE,None,https://dkn.gs/sports/images/nba/teams/50/32933.png,https://dkn.gs/sports/images/nba/teams/160/32933.png,"","",5774733,MIL @ MIA,MIL,TRUE, @ ,MIA,2021-10-22T00:00:00.0000000Z,5774733,MIL @ MIA,MIL,TRUE, @ ,MIA,2021-10-22T00:00:00.0000000Z,-2,29th,29,219,-,"",High,15,MIL,1323544-5774733
58120,19770701,Andre,Iguodala,Andre Iguodala,A. Iguodala,173004,33131,SG,459,3700,None,TRUE,FALSE,None,https://dkn.gs/sports/images/nba/players/50/33131.png,https://dkn.gs/sports/images/nba/players/160/33131.png,"","",5770410,LAC @ GSW,LAC,TRUE, @ ,GSW,2021-10-22T02:00:00.0000000Z,5770410,LAC @ GSW,LAC,TRUE, @ ,GSW,2021-10-22T02:00:00.0000000Z,219,14.8,14.8,-2,1st,1,Low,9,GSW,173004-5770410
58120,19770848,Udonis,Haslem,Udonis Haslem,U. Haslem,226806,33152,C,462,3000,None,TRUE,FALSE,Recent,https://dkn.gs/sports/images/nba/players/50/33152.png,https://dkn.gs/sports/images/nba/players/160/33152.png,"","",5774733,MIL @ MIA,MIL,TRUE, @ ,MIA,2021-10-22T00:00:00.0000000Z,5774733,MIL @ MIA,MIL,TRUE, @ ,MIA,2021-10-22T00:00:00.0000000Z,219,5.3,5.3,-2,9th,9,Low,14,MIA,226806-5774733
58120,19770677,P.J.,Tucker,P.J. Tucker,P. Tucker,229602,33067,PF/C,461,4000,None,TRUE,FALSE,None,https://dkn.gs/sports/images/nba/players/50/33067.png,https://dkn.gs/sports/images/nba/players/160/33067.png,"","",5774733,MIL @ MIA,MIL,TRUE, @ ,MIA,2021-10-22T00:00:00.0000000Z,5774733,MIL @ MIA,MIL,TRUE, @ ,MIA,2021-10-22T00:00:00.0000000Z,219,13.2,13.2,-2,2nd,2,Low,14,MIA,229602-5774733
58120,19770541,Kyle,Lowry,Kyle Lowry,K. Lowry,266394,33371,PG,458,8100,None,TRUE,FALSE,None,https://dkn.gs/sports/images/nba/players/50/33371.png,https://dkn.gs/sports/images/nba/players/160/33371.png,"","",5774733,MIL @ MIA,MIL,TRUE, @ ,MIA,2021-10-22T00:00:00.0000000Z,5774733,MIL @ MIA,MIL,TRUE, @ ,MIA,2021-10-22T00:00:00.0000000Z,219,38.0,38.0,-2,6th,6,Low,14,MIA,266394-5774733
58120,19770733,George,Hill,George Hill,G. Hill,277552,33173,PG/SG,458,3500,None,TRUE,FALSE,None,https://dkn.gs/sports/images/nba/players/50/33173.png,https://dkn.gs/sports/images/nba/players/160/33173.png,"","",5774733,MIL @ MIA,MIL,TRUE, @ ,MIA,2021-10-22T00:00:00.0000000Z,5774733,MIL @ MIA,MIL,TRUE, @ ,MIA,2021-10-22T00:00:00.0000000Z,219,14.9,14.9,-2,7th,7,Low,15,MIL,277552-5774733
58120,19770673,Lou,Williams,Lou Williams,L. Williams,292401,33098,PG/SG,458,4100,Q,TRUE,FALSE,Recent,https://dkn.gs/sports/images/nba/players/50/33098.png,https://dkn.gs/sports/images/nba/players/160/33098.png,"","",5770404,DAL @ ATL,DAL,TRUE, @ ,ATL,2021-10-21T23:30:00.0000000Z,5770404,DAL @ ATL,DAL,TRUE, @ ,ATL,2021-10-21T23:30:00.0000000Z,219,19.0,19.0,-2,17th,17,Medium,1,ATL,292401-5770404
58120,19770601,Brook,Lopez,Brook Lopez,B. Lopez,330047,33171,C,462,5600,None,TRUE,FALSE,Breaking,https://dkn.gs/sports/images/nba/players/50/33171.png,https://dkn.gs/sports/images/nba/players/160/33171.png,"","",5774733,MIL @ MIA,MIL,TRUE, @ ,MIA,2021-10-22T00:00:00.0000000Z,5774733,MIL @ MIA,MIL,TRUE, @ ,MIA,2021-10-22T00:00:00.0000000Z,219,24.2,24.2,-2,14th,14,Medium,15,MIL,330047-5774733
58120,19770526,Stephen,Curry,Stephen Curry,S. Curry,338365,33049,PG,458,10000,None,TRUE,FALSE,Recent,https://dkn.gs/sports/images/nba/players/50/33049.png,https://dkn.gs/sports/images/nba/players/160/33049.png,"","",5770410,LAC @ GSW,LAC,TRUE, @ ,GSW,2021-10-22T02:00:00.0000000Z,5770410,LAC @ GSW,LAC,TRUE, @ ,GSW,2021-10-22T02:00:00.0000000Z,219,51.4,51.4,-2,21st,21,Medium,9,GSW,338365-5770410
58120,19770914,Jeff,Teague,Jeff Teague,J. Teague,398043,33188,PG,458,3000,None,TRUE,FALSE,None,https://dkn.gs/sports/images/nba/players/50/33188.png,https://dkn.gs/sports/images/nba/players/160/33188.png,"","",5774733,MIL @ MIA,MIL,TRUE, @ ,MIA,2021-10-22T00:00:00.0000000Z,5774733,MIL @ MIA,MIL,TRUE, @ ,MIA,2021-10-22T00:00:00.0000000Z,219,11.6,11.6,-2,7th,7,Low,15,MIL,398043-5774733
58120,19770633,Danilo,Gallinari,Danilo Gallinari,D. Gallinari,456448,33248,PF,461,4800,Q,TRUE,FALSE,Recent,https://dkn.gs/sports/images/nba/players/50/33248.png,https://dkn.gs/sports/images/nba/players/160/33248.png,"","",5770404,DAL @ ATL,DAL,TRUE, @ ,ATL,2021-10-21T23:30:00.0000000Z,5770404,DAL @ ATL,DAL,TRUE, @ ,ATL,2021-10-21T23:30:00.0000000Z,219,22.2,22.2,-2,9th,9,Low,1,ATL,456448-5770404
58120,19770607,Serge,Ibaka,Serge Ibaka,S. Ibaka,456450,33373,PF/C,461,5500,OUT,TRUE,FALSE,Recent,https://dkn.gs/sports/images/nba/players/50/33373.png,https://dkn.gs/sports/images/nba/players/160/33373.png,"","",5770410,LAC @ GSW,LAC,TRUE, @ ,GSW,2021-10-22T02:00:00.0000000Z,5770410,LAC @ GSW,LAC,TRUE, @ ,GSW,2021-10-22T02:00:00.0000000Z,219,24.4,24.4,-2,8th,8,Low,12,LAC,456450-5770410
58120,19770693,Nicolas,Batum,Nicolas Batum,N. Batum,456451,32930,SF/PF,460,3800,OUT,TRUE,FALSE,Recent,https://dkn.gs/sports/images/nba/players/50/32930.png,https://dkn.gs/sports/images/nba/players/160/32930.png,"","",5770410,LAC @ GSW,LAC,TRUE, @ ,GSW,2021-10-22T02:00:00.0000000Z,5770410,LAC @ GSW,LAC,TRUE, @ ,GSW,2021-10-22T02:00:00.0000000Z,219,21.2,21.2,-2,18th,18,Medium,12,LAC,456451-5770410
58120,19770572,Jrue,Holiday,Jrue Holiday,J. Holiday,457576,33210,PG,458,6500,Q,TRUE,FALSE,Recent,https://dkn.gs/sports/images/nba/players/50/33210.png,https://dkn.gs/sports/images/nba/players/160/33210.png,"","",5774733,MIL @ MIA,MIL,TRUE, @ ,MIA,2021-10-22T00:00:00.0000000Z,5774733,MIL @ MIA,MIL,TRUE, @ ,MIA,2021-10-22T00:00:00.0000000Z,219,38.4,38.4,-2,7th,7,Low,15,MIL,457576-5774733
58120,19770580,Klay,Thompson,Klay Thompson,K. Thompson,457611,33050,SG,459,6300,OUT,TRUE,FALSE,Breaking,https://dkn.gs/sports/images/nba/players/50/33050.png,https://dkn.gs/sports/images/nba/players/160/33050.png,"","",5770410,LAC @ GSW,LAC,TRUE, @ ,GSW,2021-10-22T02:00:00.0000000Z,5770410,LAC @ GSW,LAC,TRUE, @ ,GSW,2021-10-22T02:00:00.0000000Z,-2,1st,1,219,-,"",Low,9,GSW,457611-5770410
58120,19770538,Jimmy,Butler,Jimmy Butler,J. Butler,458730,33155,SF,460,8300,None,TRUE,FALSE,Breaking,https://dkn.gs/sports/images/nba/players/50/33155.png,https://dkn.gs/sports/images/nba/players/160/33155.png,"","",5774733,MIL @ MIA,MIL,TRUE, @ ,MIA,2021-10-22T00:00:00.0000000Z,5774733,MIL @ MIA,MIL,TRUE, @ ,MIA,2021-10-22T00:00:00.0000000Z,219,45.0,45.0,-2,24th,24,High,14,MIA,458730-5774733
58120,19770565,Reggie,Jackson,Reggie Jackson,R. Jackson,462444,33034,PG,458,6700,None,TRUE,FALSE,None,https://dkn.gs/sports/images/nba/players/50/33034.png,https://dkn.gs/sports/images/nba/players/160/33034.png,"","",5770410,LAC @ GSW,LAC,TRUE, @ ,GSW,2021-10-22T02:00:00.0000000Z,5770410,LAC @ GSW,LAC,TRUE, @ ,GSW,2021-10-22T02:00:00.0000000Z,219,22.7,22.7,-2,8th,8,Low,12,LAC,462444-5770410
58120,19770557,Draymond,Green,Draymond Green,D. Green,468895,33052,PF/C,461,6900,None,TRUE,FALSE,Breaking,https://dkn.gs/sports/images/nba/players/50/33052.png,https://dkn.gs/sports/images/nba/players/160/33052.png,"","",5770410,LAC @ GSW,LAC,TRUE, @ ,GSW,2021-10-22T02:00:00.0000000Z,5770410,LAC @ GSW,LAC,TRUE, @ ,GSW,2021-10-22T02:00:00.0000000Z,219,34.0,34.0,-2,1st,1,Low,9,GSW,468895-5770410
58120,19770708,Markieff,Morris,Markieff Morris,M. Morris,469085,33033,PF/C,461,3700,None,TRUE,FALSE,Recent,https://dkn.gs/sports/images/nba/players/50/33033.png,https://dkn.gs/sports/images/nba/players/160/33033.png,"","",5774733,MIL @ MIA,MIL,TRUE, @ ,MIA,2021-10-22T00:00:00.0000000Z,5774733,MIL @ MIA,MIL,TRUE, @ ,MIA,2021-10-22T00:00:00.0000000Z,219,14.8,14.8,-2,2nd,2,Low,14,MIA,469085-5774733
58120,19770623,Marcus,Morris Sr.,Marcus Morris Sr.,M. Morris Sr.,469089,33231,PF,461,5100,None,TRUE,FALSE,Recent,https://dkn.gs/sports/images/nba/players/50/33231.png,https://dkn.gs/sports/images/nba/players/160/33231.png,"","",5770410,LAC @ GSW,LAC,TRUE, @ ,GSW,2021-10-22T02:00:00.0000000Z,5770410,LAC @ GSW,LAC,TRUE, @ ,GSW,2021-10-22T02:00:00.0000000Z,219,22.5,22.5,-2,8th,8,Low,12,LAC,469089-5770410
58120,19770529,Paul,George,Paul George,P. George,469218,33100,SF,460,9700,None,TRUE,FALSE,None,https://dkn.gs/sports/images/nba/players/50/33100.png,https://dkn.gs/sports/images/nba/players/160/33100.png,"","",5770410,LAC @ GSW,LAC,TRUE, @ ,GSW,2021-10-22T02:00:00.0000000Z,5770410,LAC @ GSW,LAC,TRUE, @ ,GSW,2021-10-22T02:00:00.0000000Z,219,44.8,44.8,-2,18th,18,Medium,12,LAC,469218-5770410
58120,19770803,Solomon,Hill,Solomon Hill,S. Hill,509169,33135,SF/PF,460,3000,None,TRUE,FALSE,None,https://dkn.gs/sports/images/nba/players/50/33135.png,https://dkn.gs/sports/images/nba/players/160/33135.png,"","",5770404,DAL @ ATL,DAL,TRUE, @ ,ATL,2021-10-21T23:30:00.0000000Z,5770404,DAL @ ATL,DAL,TRUE, @ ,ATL,2021-10-21T23:30:00.0000000Z,219,10.4,10.4,-2,15th,15,Medium,1,ATL,509169-5770404
58120,19770592,Eric,Bledsoe,Eric Bledsoe,E. Bledsoe,509449,33175,PG/SG,458,6000,None,TRUE,FALSE,Breaking,https://dkn.gs/sports/images/nba/players/50/33175.png,https://dkn.gs/sports/images/nba/players/160/33175.png,"","",5770410,LAC @ GSW,LAC,TRUE, @ ,GSW,2021-10-22T02:00:00.0000000Z,5770410,LAC @ GSW,LAC,TRUE, @ ,GSW,2021-10-22T02:00:00.0000000Z,219,24.6,24.6,-2,8th,8,Low,12,LAC,509449-5770410
58120,19770546,Khris,Middleton,Khris Middleton,K. Middleton,512053,33177,SF,460,7300,None,TRUE,FALSE,Recent,https://dkn.gs/sports/images/nba/players/50/33177.png,https://dkn.gs/sports/images/nba/players/160/33177.png,"","",5774733,MIL @ MIA,MIL,TRUE, @ ,MIA,2021-10-22T00:00:00.0000000Z,5774733,MIL @ MIA,MIL,TRUE, @ ,MIA,2021-10-22T00:00:00.0000000Z,219,39.9,39.9,-2,1st,1,Low,15,MIL,512053-5774733
58120,19770532,Kawhi,Leonard,Kawhi Leonard,K. Leonard,512591,33102,PF,461,9500,OUT,TRUE,FALSE,None,https://dkn.gs/sports/images/nba/players/50/33102.png,https://dkn.gs/sports/images/nba/players/160/33102.png,"","",5770410,LAC @ GSW,LAC,TRUE, @ ,GSW,2021-10-22T02:00:00.0000000Z,5770410,LAC @ GSW,LAC,TRUE, @ ,GSW,2021-10-22T02:00:00.0000000Z,219,46.3,46.3,-2,8th,8,Low,12,LAC,512591-5770410
58120,19770639,Nemanja,Bjelica,Nemanja Bjelica,N. Bjelica,550431,33335,PF/C,461,4600,None,TRUE,FALSE,Recent,https://dkn.gs/sports/images/nba/players/50/33335.png,https://dkn.gs/sports/images/nba/players/160/33335.png,"","",5770410,LAC @ GSW,LAC,TRUE, @ ,GSW,2021-10-22T02:00:00.0000000Z,5770410,LAC @ GSW,LAC,TRUE, @ ,GSW,2021-10-22T02:00:00.0000000Z,219,14.8,14.8,-2,1st,1,Low,9,GSW,550431-5770410
58120,19770850,Langston,Galloway,Langston Galloway,L. Galloway,551321,33038,SG,459,3000,None,TRUE,FALSE,None,https://dkn.gs/sports/images/nba/players/50/33038.png,https://dkn.gs/sports/images/nba/players/160/33038.png,"","",5770410,LAC @ GSW,LAC,TRUE, @ ,GSW,2021-10-22T02:00:00.0000000Z,5770410,LAC @ GSW,LAC,TRUE, @ ,GSW,2021-10-22T02:00:00.0000000Z,219,7.5,7.5,-2,1st,1,Low,9,GSW,551321-5770410
58120,19770575,Tim,Hardaway Jr.,Tim Hardaway Jr.,T. Hardaway Jr.,551771,32995,SG/SF,459,6400,None,TRUE,FALSE,Breaking,https://dkn.gs/sports/images/nba/players/50/32995.png,https://dkn.gs/sports/images/nba/players/160/32995.png,"","",5770404,DAL @ ATL,DAL,TRUE, @ ,ATL,2021-10-21T23:30:00.0000000Z,5770404,DAL @ ATL,DAL,TRUE, @ ,ATL,2021-10-21T23:30:00.0000000Z,219,25.6,25.6,-2,14th,14,Medium,6,DAL,551771-5770404
58120,19770767,Dwight,Powell,Dwight Powell,D. Powell,552309,32997,C,462,3300,None,TRUE,FALSE,None,https://dkn.gs/sports/images/nba/players/50/32997.png,https://dkn.gs/sports/images/nba/players/160/32997.png,"","",5770404,DAL @ ATL,DAL,TRUE, @ ,ATL,2021-10-21T23:30:00.0000000Z,5770404,DAL @ ATL,DAL,TRUE, @ ,ATL,2021-10-21T23:30:00.0000000Z,219,13.7,13.7,-2,17th,17,Medium,6,DAL,552309-5770404
58120,19770648,Reggie,Bullock,Reggie Bullock,R. Bullock,552335,33233,SG/SF,459,4500,None,TRUE,FALSE,Recent,https://dkn.gs/sports/images/nba/players/50/33233.png,https://dkn.gs/sports/images/nba/players/160/33233.png,"","",5770404,DAL @ ATL,DAL,TRUE, @ ,ATL,2021-10-21T23:30:00.0000000Z,5770404,DAL @ ATL,DAL,TRUE, @ ,ATL,2021-10-21T23:30:00.0000000Z,219,20.1,20.1,-2,4th,4,Low,6,DAL,552335-5770404
58120,19770737,Gorgui,Dieng,Gorgui Dieng,G. Dieng,553158,33189,C,462,3500,None,TRUE,FALSE,None,https://dkn.gs/sports/images/nba/players/50/33189.png,https://dkn.gs/sports/images/nba/players/160/33189.png,"","",5770404,DAL @ ATL,DAL,TRUE, @ ,ATL,2021-10-21T23:30:00.0000000Z,5770404,DAL @ ATL,DAL,TRUE, @ ,ATL,2021-10-21T23:30:00.0000000Z,219,15.4,15.4,-2,10th,10,Medium,1,ATL,553158-5770404
58120,19770568,Victor,Oladipo,Victor Oladipo,V. Oladipo,553166,33086,PG/SG,458,6600,OUT,TRUE,FALSE,None,https://dkn.gs/sports/images/nba/players/50/33086.png,https://dkn.gs/sports/images/nba/players/160/33086.png,"","",5774733,MIL @ MIA,MIL,TRUE, @ ,MIA,2021-10-22T00:00:00.0000000Z,5774733,MIL @ MIA,MIL,TRUE, @ ,MIA,2021-10-22T00:00:00.0000000Z,219,36.2,36.2,-2,7th,7,Low,14,MIA,553166-5774733
58120,19770653,Boban,Marjanovic,Boban Marjanovic,B. Marjanovic,553331,33000,C,462,4500,None,TRUE,FALSE,None,https://dkn.gs/sports/images/nba/players/50/33000.png,https://dkn.gs/sports/images/nba/players/160/33000.png,"","",5770404,DAL @ ATL,DAL,TRUE, @ ,ATL,2021-10-21T23:30:00.0000000Z,5770404,DAL @ ATL,DAL,TRUE, @ ,ATL,2021-10-21T23:30:00.0000000Z,219,11.9,11.9,-2,17th,17,Medium,6,DAL,553331-5770404
58120,19770758,Juan,Toscano-Anderson,Juan Toscano-Anderson,J. Toscano-Anderson,601511,58887,PF/C,461,3300,None,TRUE,FALSE,None,https://dkn.gs/sports/images/nba/players/50/58887.png,https://dkn.gs/sports/images/nba/players/160/58887.png,"","",5770410,LAC @ GSW,LAC,TRUE, @ ,GSW,2021-10-22T02:00:00.0000000Z,5770410,LAC @ GSW,LAC,TRUE, @ ,GSW,2021-10-22T02:00:00.0000000Z,219,17.8,17.8,-2,3rd,3,Low,9,GSW,601511-5770410
58120,19770643,Pat,Connaughton,Pat Connaughton,P. Connaughton,601514,33180,SG/SF,459,4500,None,TRUE,FALSE,Recent,https://dkn.gs/sports/images/nba/players/50/33180.png,https://dkn.gs/sports/images/nba/players/160/33180.png,"","",5774733,MIL @ MIA,MIL,TRUE, @ ,MIA,2021-10-22T00:00:00.0000000Z,5774733,MIL @ MIA,MIL,TRUE, @ ,MIA,2021-10-22T00:00:00.0000000Z,219,16.8,16.8,-2,1st,1,Low,15,MIL,601514-5774733
58120,19770911,Johnny,O'Bryant III,Johnny O'Bryant III,J. O'Bryant III,603100,115827,PF,461,3000,None,TRUE,FALSE,None,https://dkn.gs/sports/images/nba/players/50/115827.png,https://dkn.gs/sports/images/nba/players/160/115827.png,"","",5774733,MIL @ MIA,MIL,TRUE, @ ,MIA,2021-10-22T00:00:00.0000000Z,5774733,MIL @ MIA,MIL,TRUE, @ ,MIA,2021-10-22T00:00:00.0000000Z,-2,14th,14,219,-,"",Medium,15,MIL,603100-5774733
58120,19770746,Rodney,Hood,Rodney Hood,R. Hood,603106,33326,SG/SF,459,3400,OUT,TRUE,FALSE,Recent,https://dkn.gs/sports/images/nba/players/50/33326.png,https://dkn.gs/sports/images/nba/players/160/33326.png,"","",5774733,MIL @ MIA,MIL,TRUE, @ ,MIA,2021-10-22T00:00:00.0000000Z,5774733,MIL @ MIA,MIL,TRUE, @ ,MIA,2021-10-22T00:00:00.0000000Z,219,9.4,9.4,-2,29th,29,High,15,MIL,603106-5774733
58120,19770883,Trey,Burke,Trey Burke,T. Burke,605708,33289,PG,458,3000,None,TRUE,FALSE,None,https://dkn.gs/sports/images/nba/players/50/33289.png,https://dkn.gs/sports/images/nba/players/160/33289.png,"","",5770404,DAL @ ATL,DAL,TRUE, @ ,ATL,2021-10-21T23:30:00.0000000Z,5770404,DAL @ ATL,DAL,TRUE, @ ,ATL,2021-10-21T23:30:00.0000000Z,219,11.0,11.0,-2,14th,14,Medium,6,DAL,605708-5770404
58120,19770712,Dewayne,Dedmon,Dewayne Dedmon,D. Dedmon,606642,33338,C,462,3700,None,TRUE,FALSE,Recent,https://dkn.gs/sports/images/nba/players/50/33338.png,https://dkn.gs/sports/images/nba/players/160/33338.png,"","",5774733,MIL @ MIA,MIL,TRUE, @ ,MIA,2021-10-22T00:00:00.0000000Z,5774733,MIL @ MIA,MIL,TRUE, @ ,MIA,2021-10-22T00:00:00.0000000Z,219,15.9,15.9,-2,9th,9,Low,14,MIA,606642-5774733
58120,19770615,Dorian,Finney-Smith,Dorian Finney-Smith,D. Finney-Smith,606701,33001,SF/PF,460,5300,None,TRUE,FALSE,None,https://dkn.gs/sports/images/nba/players/50/33001.png,https://dkn.gs/sports/images/nba/players/160/33001.png,"","",5770404,DAL @ ATL,DAL,TRUE, @ ,ATL,2021-10-21T23:30:00.0000000Z,5770404,DAL @ ATL,DAL,TRUE, @ ,ATL,2021-10-21T23:30:00.0000000Z,219,22.6,22.6,-2,4th,4,Low,6,DAL,606701-5770404
58120,19770723,Damion,Lee,Damion Lee,D. Lee,609081,33057,PG,458,3600,None,TRUE,FALSE,None,https://dkn.gs/sports/images/nba/players/50/33057.png,https://dkn.gs/sports/images/nba/players/160/33057.png,"","",5770410,LAC @ GSW,LAC,TRUE, @ ,GSW,2021-10-22T02:00:00.0000000Z,5770410,LAC @ GSW,LAC,TRUE, @ ,GSW,2021-10-22T02:00:00.0000000Z,219,14.4,14.4,-2,21st,21,Medium,9,GSW,609081-5770410
58120,19770665,Otto,Porter Jr.,Otto Porter Jr.,O. Porter Jr.,609256,32961,SF/PF,460,4300,None,TRUE,FALSE,None,https://dkn.gs/sports/images/nba/players/50/32961.png,https://dkn.gs/sports/images/nba/players/160/32961.png,"","",5770410,LAC @ GSW,LAC,TRUE, @ ,GSW,2021-10-22T02:00:00.0000000Z,5770410,LAC @ GSW,LAC,TRUE, @ ,GSW,2021-10-22T02:00:00.0000000Z,219,21.2,21.2,-2,3rd,3,Low,9,GSW,609256-5770410
58120,19770945,Yogi,Ferrell,Yogi Ferrell,Y. Ferrell,698635,33342,PG,458,3000,None,TRUE,FALSE,None,https://dkn.gs/sports/images/nba/players/50/33342.png,https://dkn.gs/sports/images/nba/players/160/33342.png,"","",5770410,LAC @ GSW,LAC,TRUE, @ ,GSW,2021-10-22T02:00:00.0000000Z,5770410,LAC @ GSW,LAC,TRUE, @ ,GSW,2021-10-22T02:00:00.0000000Z,219,7.8,7.8,-2,8th,8,Low,12,LAC,698635-5770410
58120,19770744,Willie,Cauley-Stein,Willie Cauley-Stein,W. Cauley-Stein,699950,33055,C,462,3500,None,TRUE,FALSE,None,https://dkn.gs/sports/images/nba/players/50/33055.png,https://dkn.gs/sports/images/nba/players/160/33055.png,"","",5770404,DAL @ ATL,DAL,TRUE, @ ,ATL,2021-10-21T23:30:00.0000000Z,5770404,DAL @ ATL,DAL,TRUE, @ ,ATL,2021-10-21T23:30:00.0000000Z,219,13.4,13.4,-2,17th,17,Medium,6,DAL,699950-5770404
58120,19770522,Giannis,Antetokounmpo,Giannis Antetokounmpo,G. Antetokounmpo,739957,33178,PF/C,461,10300,None,TRUE,FALSE,Recent,https://dkn.gs/sports/images/nba/players/50/33178.png,https://dkn.gs/sports/images/nba/players/160/33178.png,"","",5774733,MIL @ MIA,MIL,TRUE, @ ,MIA,2021-10-22T00:00:00.0000000Z,5774733,MIL @ MIA,MIL,TRUE, @ ,MIA,2021-10-22T00:00:00.0000000Z,219,56.4,56.4,-2,14th,14,Medium,15,MIL,739957-5774733
58120,19770686,Sterling,Brown,Sterling Brown,S. Brown,740339,33184,SG/SF,459,3900,None,TRUE,FALSE,None,https://dkn.gs/sports/images/nba/players/50/33184.png,https://dkn.gs/sports/images/nba/players/160/33184.png,"","",5770404,DAL @ ATL,DAL,TRUE, @ ,ATL,2021-10-21T23:30:00.0000000Z,5770404,DAL @ ATL,DAL,TRUE, @ ,ATL,2021-10-21T23:30:00.0000000Z,219,18.3,18.3,-2,14th,14,Medium,6,DAL,740339-5770404
58120,19770948,George,King,George King,G. King,742864,59064,SF,460,3000,None,TRUE,FALSE,None,https://dkn.gs/sports/images/nba/players/50/59064.png,https://dkn.gs/sports/images/nba/players/160/59064.png,"","",5770410,LAC @ GSW,LAC,TRUE, @ ,GSW,2021-10-22T02:00:00.0000000Z,5770410,LAC @ GSW,LAC,TRUE, @ ,GSW,2021-10-22T02:00:00.0000000Z,-2,18th,18,219,-,"",Medium,12,LAC,742864-5770410
58120,19770780,Jordan,Bell,Jordan Bell,J. Bell,743701,33199,PF,461,3100,None,TRUE,FALSE,Breaking,https://dkn.gs/sports/images/nba/players/50/33199.png,https://dkn.gs/sports/images/nba/players/160/33199.png,"","",5770410,LAC @ GSW,LAC,TRUE, @ ,GSW,2021-10-22T02:00:00.0000000Z,5770410,LAC @ GSW,LAC,TRUE, @ ,GSW,2021-10-22T02:00:00.0000000Z,219,11.6,11.6,-2,1st,1,Low,9,GSW,743701-5770410
58120,19770554,Delon,Wright,Delon Wright,D. Wright,744102,32999,PG,458,7000,None,TRUE,FALSE,None,https://dkn.gs/sports/images/nba/players/50/32999.png,https://dkn.gs/sports/images/nba/players/160/32999.png,"","",5770404,DAL @ ATL,DAL,TRUE, @ ,ATL,2021-10-21T23:30:00.0000000Z,5770404,DAL @ ATL,DAL,TRUE, @ ,ATL,2021-10-21T23:30:00.0000000Z,219,26.3,26.3,-2,4th,4,Low,1,ATL,744102-5770404
58120,19770669,Bobby,Portis,Bobby Portis,B. Portis,750703,33236,PF/C,461,4100,OUT,TRUE,FALSE,Recent,https://dkn.gs/sports/images/nba/players/50/33236.png,https://dkn.gs/sports/images/nba/players/160/33236.png,"","",5774733,MIL @ MIA,MIL,TRUE, @ ,MIA,2021-10-22T00:00:00.0000000Z,5774733,MIL @ MIA,MIL,TRUE, @ ,MIA,2021-10-22T00:00:00.0000000Z,219,23.2,23.2,-2,14th,14,Medium,15,MIL,750703-5774733
58120,19770939,Semi,Ojeleye,Semi Ojeleye,S. Ojeleye,792415,32877,PF,461,3000,OUT,TRUE,FALSE,Recent,https://dkn.gs/sports/images/nba/players/50/32877.png,https://dkn.gs/sports/images/nba/players/160/32877.png,"","",5774733,MIL @ MIA,MIL,TRUE, @ ,MIA,2021-10-22T00:00:00.0000000Z,5774733,MIL @ MIA,MIL,TRUE, @ ,MIA,2021-10-22T00:00:00.0000000Z,219,9.4,9.4,-2,14th,14,Medium,15,MIL,792415-5774733
58120,19770596,Andrew,Wiggins,Andrew Wiggins,A. Wiggins,794503,33191,SG/SF,459,5900,None,TRUE,FALSE,Recent,https://dkn.gs/sports/images/nba/players/50/33191.png,https://dkn.gs/sports/images/nba/players/160/33191.png,"","",5770410,LAC @ GSW,LAC,TRUE, @ ,GSW,2021-10-22T02:00:00.0000000Z,5770410,LAC @ GSW,LAC,TRUE, @ ,GSW,2021-10-22T02:00:00.0000000Z,219,32.3,32.3,-2,3rd,3,Low,9,GSW,794503-5770410
58120,19770774,Thanasis,Antetokounmpo,Thanasis Antetokounmpo,T. Antetokounmpo,803207,33179,PF,461,3200,None,TRUE,FALSE,None,https://dkn.gs/sports/images/nba/players/50/33179.png,https://dkn.gs/sports/images/nba/players/160/33179.png,"","",5774733,MIL @ MIA,MIL,TRUE, @ ,MIA,2021-10-22T00:00:00.0000000Z,5774733,MIL @ MIA,MIL,TRUE, @ ,MIA,2021-10-22T00:00:00.0000000Z,219,6.8,6.8,-2,14th,14,Medium,15,MIL,803207-5774733
58120,19770549,Clint,Capela,Clint Capela,C. Capela,830647,33076,C,462,7200,None,TRUE,FALSE,Breaking,https://dkn.gs/sports/images/nba/players/50/33076.png,https://dkn.gs/sports/images/nba/players/160/33076.png,"","",5770404,DAL @ ATL,DAL,TRUE, @ ,ATL,2021-10-21T23:30:00.0000000Z,5770404,DAL @ ATL,DAL,TRUE, @ ,ATL,2021-10-21T23:30:00.0000000Z,219,37.8,37.8,-2,10th,10,Medium,1,ATL,830647-5770404
58120,19770588,Bogdan,Bogdanovic,Bogdan Bogdanovic,B. Bogdanovic,830648,33339,PG/SG,458,6100,None,TRUE,FALSE,None,https://dkn.gs/sports/images/nba/players/50/33339.png,https://dkn.gs/sports/images/nba/players/160/33339.png,"","",5770404,DAL @ ATL,DAL,TRUE, @ ,ATL,2021-10-21T23:30:00.0000000Z,5770404,DAL @ ATL,DAL,TRUE, @ ,ATL,2021-10-21T23:30:00.0000000Z,219,29.2,29.2,-2,15th,15,Medium,1,ATL,830648-5770404
58120,19770660,Grayson,Allen,Grayson Allen,G. Allen,842296,33143,SG/SF,459,4400,None,TRUE,FALSE,Recent,https://dkn.gs/sports/images/nba/players/50/33143.png,https://dkn.gs/sports/images/nba/players/160/33143.png,"","",5774733,MIL @ MIA,MIL,TRUE, @ ,MIA,2021-10-22T00:00:00.0000000Z,5774733,MIL @ MIA,MIL,TRUE, @ ,MIA,2021-10-22T00:00:00.0000000Z,219,19.6,19.6,-2,29th,29,High,15,MIL,842296-5774733
58120,19770751,Justise,Winslow,Justise Winslow,J. Winslow,842298,33159,PG/SF,458,3400,None,TRUE,FALSE,None,https://dkn.gs/sports/images/nba/players/50/33159.png,https://dkn.gs/sports/images/nba/players/160/33159.png,"","",5770410,LAC @ GSW,LAC,TRUE, @ ,GSW,2021-10-22T02:00:00.0000000Z,5770410,LAC @ GSW,LAC,TRUE, @ ,GSW,2021-10-22T02:00:00.0000000Z,219,16.5,16.5,-2,8th,8,Low,12,LAC,842298-5770410
58120,19770756,Jahlil,Okafor,Jahlil Okafor,J. Okafor,842301,33214,C,462,3300,None,TRUE,FALSE,None,https://dkn.gs/sports/images/nba/players/50/33214.png,https://dkn.gs/sports/images/nba/players/160/33214.png,"","",5770404,DAL @ ATL,DAL,TRUE, @ ,ATL,2021-10-21T23:30:00.0000000Z,5770404,DAL @ ATL,DAL,TRUE, @ ,ATL,2021-10-21T23:30:00.0000000Z,219,9.6,9.6,-2,10th,10,Medium,1,ATL,842301-5770404
58120,19770880,Justin,Jackson,Justin Jackson,J. Jackson,842955,33002,SF,460,3000,None,TRUE,FALSE,None,https://dkn.gs/sports/images/nba/players/50/33002.png,https://dkn.gs/sports/images/nba/players/160/33002.png,"","",5770404,DAL @ ATL,DAL,TRUE, @ ,ATL,2021-10-21T23:30:00.0000000Z,5770404,DAL @ ATL,DAL,TRUE, @ ,ATL,2021-10-21T23:30:00.0000000Z,219,12.0,12.0,-2,4th,4,Low,6,DAL,842955-5770404
58120,19770823,Caleb,Martin,Caleb Martin,C. Martin,842969,32956,SG,459,3000,None,TRUE,FALSE,None,https://dkn.gs/sports/images/nba/players/50/32956.png,https://dkn.gs/sports/images/nba/players/160/32956.png,"","",5774733,MIL @ MIA,MIL,TRUE, @ ,MIA,2021-10-22T00:00:00.0000000Z,5774733,MIL @ MIA,MIL,TRUE, @ ,MIA,2021-10-22T00:00:00.0000000Z,219,12.1,12.1,-2,7th,7,Low,14,MIA,842969-5774733
58120,19770853,Chris,Chiozza,Chris Chiozza,C. Chiozza,845512,33082,PG,458,3000,None,TRUE,FALSE,None,https://dkn.gs/sports/images/nba/players/50/33082.png,https://dkn.gs/sports/images/nba/players/160/33082.png,"","",5770410,LAC @ GSW,LAC,TRUE, @ ,GSW,2021-10-22T02:00:00.0000000Z,5770410,LAC @ GSW,LAC,TRUE, @ ,GSW,2021-10-22T02:00:00.0000000Z,219,9.0,9.0,-2,21st,21,Medium,9,GSW,845512-5770410
58120,19770877,Gary,Payton II,Gary Payton II,G. Payton II,846407,116047,PG,458,3000,None,TRUE,FALSE,Recent,https://dkn.gs/sports/images/nba/players/50/116047.png,https://dkn.gs/sports/images/nba/players/160/116047.png,"","",5770410,LAC @ GSW,LAC,TRUE, @ ,GSW,2021-10-22T02:00:00.0000000Z,5770410,LAC @ GSW,LAC,TRUE, @ ,GSW,2021-10-22T02:00:00.0000000Z,219,5.5,5.5,-2,21st,21,Medium,9,GSW,846407-5770410
58120,19770717,Kevon,Looney,Kevon Looney,K. Looney,846499,33056,C,462,3600,None,TRUE,FALSE,None,https://dkn.gs/sports/images/nba/players/50/33056.png,https://dkn.gs/sports/images/nba/players/160/33056.png,"","",5770410,LAC @ GSW,LAC,TRUE, @ ,GSW,2021-10-22T02:00:00.0000000Z,5770410,LAC @ GSW,LAC,TRUE, @ ,GSW,2021-10-22T02:00:00.0000000Z,219,15.0,15.0,-2,13th,13,Medium,9,GSW,846499-5770410
58120,19770704,Gabe,Vincent,Gabe Vincent,G. Vincent,851253,36560,PG/SG,458,3700,None,TRUE,FALSE,None,https://dkn.gs/sports/images/nba/players/50/36560.png,https://dkn.gs/sports/images/nba/teams/160/32931.png,"","",5774733,MIL @ MIA,MIL,TRUE, @ ,MIA,2021-10-22T00:00:00.0000000Z,5774733,MIL @ MIA,MIL,TRUE, @ ,MIA,2021-10-22T00:00:00.0000000Z,219,9.0,9.0,-2,6th,6,Low,14,MIA,851253-5774733
58120,19770917,Elijah,Bryant,Elijah Bryant,E. Bryant,851294,58950,SG,459,3000,None,TRUE,FALSE,Breaking,https://dkn.gs/sports/images/nba/teams/50/32933.png,https://dkn.gs/sports/images/nba/teams/160/32933.png,"","",5774733,MIL @ MIA,MIL,TRUE, @ ,MIA,2021-10-22T00:00:00.0000000Z,5774733,MIL @ MIA,MIL,TRUE, @ ,MIA,2021-10-22T00:00:00.0000000Z,219,5.7,5.7,-2,29th,29,High,15,MIL,851294-5774733
58120,19770628,Duncan,Robinson,Duncan Robinson,D. Robinson,854591,33163,SG,459,5000,None,TRUE,FALSE,None,https://dkn.gs/sports/images/nba/players/50/33163.png,https://dkn.gs/sports/images/nba/players/160/33163.png,"","",5774733,MIL @ MIA,MIL,TRUE, @ ,MIA,2021-10-22T00:00:00.0000000Z,5774733,MIL @ MIA,MIL,TRUE, @ ,MIA,2021-10-22T00:00:00.0000000Z,219,22.7,22.7,-2,7th,7,Low,14,MIA,854591-5774733
58120,19770551,Kristaps,Porzingis,Kristaps Porzingis,K. Porzingis,877869,32998,PF,461,7100,None,TRUE,FALSE,Breaking,https://dkn.gs/sports/images/nba/players/50/32998.png,https://dkn.gs/sports/images/nba/players/160/32998.png,"","",5770404,DAL @ ATL,DAL,TRUE, @ ,ATL,2021-10-21T23:30:00.0000000Z,5770404,DAL @ ATL,DAL,TRUE, @ ,ATL,2021-10-21T23:30:00.0000000Z,219,36.6,36.6,-2,18th,18,Medium,6,DAL,877869-5770404
58120,19770655,Terance,Mann,Terance Mann,T. Mann,879504,33113,SG/SF,459,4500,None,TRUE,FALSE,None,https://dkn.gs/sports/images/nba/players/50/33113.png,https://dkn.gs/sports/images/nba/players/160/33113.png,"","",5770410,LAC @ GSW,LAC,TRUE, @ ,GSW,2021-10-22T02:00:00.0000000Z,5770410,LAC @ GSW,LAC,TRUE, @ ,GSW,2021-10-22T02:00:00.0000000Z,219,14.9,14.9,-2,18th,18,Medium,12,LAC,879504-5770410
58120,19770561,John,Collins,John Collins,J. Collins,880468,32848,PF/C,461,6800,None,TRUE,FALSE,None,https://dkn.gs/sports/images/nba/players/50/32848.png,https://dkn.gs/sports/images/nba/players/160/32848.png,"","",5770404,DAL @ ATL,DAL,TRUE, @ ,ATL,2021-10-21T23:30:00.0000000Z,5770404,DAL @ ATL,DAL,TRUE, @ ,ATL,2021-10-21T23:30:00.0000000Z,219,31.4,31.4,-2,10th,10,Medium,1,ATL,880468-5770404
58120,19770864,Quinndary,Weatherspoon,Quinndary Weatherspoon,Q. Weatherspoon,886418,33370,PG,458,3000,None,TRUE,FALSE,None,https://dkn.gs/sports/images/nba/players/50/33370.png,https://dkn.gs/sports/images/nba/players/160/33370.png,"","",5770410,LAC @ GSW,LAC,TRUE, @ ,GSW,2021-10-22T02:00:00.0000000Z,5770410,LAC @ GSW,LAC,TRUE, @ ,GSW,2021-10-22T02:00:00.0000000Z,219,4.4,4.4,-2,21st,21,Medium,9,GSW,886418-5770410
58120,19770762,Luke,Kennard,Luke Kennard,L. Kennard,887661,33042,SG/SF,459,3300,None,TRUE,FALSE,None,https://dkn.gs/sports/images/nba/players/50/33042.png,https://dkn.gs/sports/images/nba/players/160/33042.png,"","",5770410,LAC @ GSW,LAC,TRUE, @ ,GSW,2021-10-22T02:00:00.0000000Z,5770410,LAC @ GSW,LAC,TRUE, @ ,GSW,2021-10-22T02:00:00.0000000Z,219,14.0,14.0,-2,16th,16,Medium,12,LAC,887661-5770410
58120,19770729,Jalen,Brunson,Jalen Brunson,J. Brunson,887914,33006,PG/SG,458,3500,None,TRUE,FALSE,Breaking,https://dkn.gs/sports/images/nba/players/50/33006.png,https://dkn.gs/sports/images/nba/players/160/33006.png,"","",5770404,DAL @ ATL,DAL,TRUE, @ ,ATL,2021-10-21T23:30:00.0000000Z,5770404,DAL @ ATL,DAL,TRUE, @ ,ATL,2021-10-21T23:30:00.0000000Z,219,22.3,22.3,-2,14th,14,Medium,6,DAL,887914-5770404
58120,19770611,Donte,DiVincenzo,Donte DiVincenzo,D. DiVincenzo,887915,33185,PG/SG,458,5400,OUT,TRUE,FALSE,Recent,https://dkn.gs/sports/images/nba/players/50/33185.png,https://dkn.gs/sports/images/nba/players/160/33185.png,"","",5774733,MIL @ MIA,MIL,TRUE, @ ,MIA,2021-10-22T00:00:00.0000000Z,5774733,MIL @ MIA,MIL,TRUE, @ ,MIA,2021-10-22T00:00:00.0000000Z,219,24.9,24.9,-2,29th,29,High,15,MIL,887915-5774733
58120,19770930,Rayjon,Tucker,Rayjon Tucker,R. Tucker,887927,58955,SF,460,3000,None,TRUE,FALSE,None,https://dkn.gs/sports/images/nba/players/50/58955.png,https://dkn.gs/sports/images/nba/players/160/58955.png,"","",5774733,MIL @ MIA,MIL,TRUE, @ ,MIA,2021-10-22T00:00:00.0000000Z,5774733,MIL @ MIA,MIL,TRUE, @ ,MIA,2021-10-22T00:00:00.0000000Z,219,4.1,4.1,-2,1st,1,Low,15,MIL,887927-5774733
58120,19770874,Mychal,Mulder,Mychal Mulder,M. Mulder,891351,58815,PG,458,3000,None,TRUE,FALSE,Breaking,https://dkn.gs/sports/images/nba/players/50/58815.png,https://dkn.gs/sports/images/nba/players/160/58815.png,"","",5770410,LAC @ GSW,LAC,TRUE, @ ,GSW,2021-10-22T02:00:00.0000000Z,5770410,LAC @ GSW,LAC,TRUE, @ ,GSW,2021-10-22T02:00:00.0000000Z,219,8.8,8.8,-2,21st,21,Medium,9,GSW,891351-5770410
58120,19770933,Justin,Robinson,Justin Robinson,J. Robinson,893009,32890,PG,458,3000,None,TRUE,FALSE,None,https://dkn.gs/sports/images/nba/players/50/32890.png,https://dkn.gs/sports/images/nba/players/160/32890.png,"","",5774733,MIL @ MIA,MIL,TRUE, @ ,MIA,2021-10-22T00:00:00.0000000Z,5774733,MIL @ MIA,MIL,TRUE, @ ,MIA,2021-10-22T00:00:00.0000000Z,219,5.6,5.6,-2,7th,7,Low,15,MIL,893009-5774733
58120,19770801,Johnny,Hamilton,Johnny Hamilton,J. Hamilton,893011,58948,C,462,3000,None,TRUE,FALSE,None,https://dkn.gs/sports/images/nba/teams/50/32892.png,https://dkn.gs/sports/images/nba/teams/160/32892.png,"","",5770404,DAL @ ATL,DAL,TRUE, @ ,ATL,2021-10-21T23:30:00.0000000Z,5770404,DAL @ ATL,DAL,TRUE, @ ,ATL,2021-10-21T23:30:00.0000000Z,-2,10th,10,219,-,"",Medium,1,ATL,893011-5770404
58120,19770714,DaQuan,Jeffries,DaQuan Jeffries,D. Jeffries,896184,33282,SG,459,3600,None,TRUE,FALSE,Breaking,https://dkn.gs/sports/images/nba/players/50/33282.png,https://dkn.gs/sports/images/nba/players/160/33282.png,"","",5770404,DAL @ ATL,DAL,TRUE, @ ,ATL,2021-10-21T23:30:00.0000000Z,5770404,DAL @ ATL,DAL,TRUE, @ ,ATL,2021-10-21T23:30:00.0000000Z,219,9.7,9.7,-2,17th,17,Medium,1,ATL,896184-5770404
58120,19770769,Timothé,Luwawu-Cabarrot,Timothé Luwawu-Cabarrot,T. Luwawu-Cabarrot,920091,69297,SG/SF,459,3200,None,TRUE,FALSE,Breaking,https://dkn.gs/sports/images/nba/players/50/69297.png,https://dkn.gs/sports/images/nba/players/160/69297.png,"","",5770404,DAL @ ATL,DAL,TRUE, @ ,ATL,2021-10-21T23:30:00.0000000Z,5770404,DAL @ ATL,DAL,TRUE, @ ,ATL,2021-10-21T23:30:00.0000000Z,219,11.5,11.5,-2,17th,17,Medium,1,ATL,920091-5770404
58120,19770626,Ivica,Zubac,Ivica Zubac,I. Zubac,920093,33107,C,462,5000,None,TRUE,FALSE,None,https://dkn.gs/sports/images/nba/players/50/33107.png,https://dkn.gs/sports/images/nba/players/160/33107.png,"","",5770410,LAC @ GSW,LAC,TRUE, @ ,GSW,2021-10-22T02:00:00.0000000Z,5770410,LAC @ GSW,LAC,TRUE, @ ,GSW,2021-10-22T02:00:00.0000000Z,219,20.8,20.8,-2,15th,15,Medium,12,LAC,920093-5770410
58120,19770739,Max,Strus,Max Strus,M. Strus,936502,32893,SG/SF,459,3500,None,TRUE,FALSE,None,https://dkn.gs/sports/images/nba/players/50/32893.png,https://dkn.gs/sports/images/nba/players/160/32893.png,"","",5774733,MIL @ MIA,MIL,TRUE, @ ,MIA,2021-10-22T00:00:00.0000000Z,5774733,MIL @ MIA,MIL,TRUE, @ ,MIA,2021-10-22T00:00:00.0000000Z,219,9.0,9.0,-2,7th,7,Low,14,MIA,936502-5774733
58120,19770942,Harry,Giles III,Harry Giles III,H. Giles III,937650,33344,PF,461,3000,None,TRUE,FALSE,Breaking,https://dkn.gs/sports/images/nba/players/50/33344.png,https://dkn.gs/sports/images/nba/players/160/33344.png,"","",5770410,LAC @ GSW,LAC,TRUE, @ ,GSW,2021-10-22T02:00:00.0000000Z,5770410,LAC @ GSW,LAC,TRUE, @ ,GSW,2021-10-22T02:00:00.0000000Z,219,9.1,9.1,-2,8th,8,Low,12,LAC,937650-5770410
58120,19770926,Javin,DeLaurier,Javin DeLaurier,J. DeLaurier,937663,529628,C,462,3000,None,TRUE,FALSE,None,https://dkn.gs/sports/images/nba/teams/50/32933.png,https://dkn.gs/sports/images/nba/teams/160/32933.png,"","",5774733,MIL @ MIA,MIL,TRUE, @ ,MIA,2021-10-22T00:00:00.0000000Z,5774733,MIL @ MIA,MIL,TRUE, @ ,MIA,2021-10-22T00:00:00.0000000Z,-2,14th,14,219,-,"",Medium,15,MIL,937663-5774733
58120,19770842,Omer,Yurtseven,Omer Yurtseven,O. Yurtseven,942129,564694,C,462,3000,None,TRUE,FALSE,Breaking,https://dkn.gs/sports/images/nba/teams/50/32931.png,https://dkn.gs/sports/images/nba/teams/160/32931.png,"","",5774733,MIL @ MIA,MIL,TRUE, @ ,MIA,2021-10-22T00:00:00.0000000Z,5774733,MIL @ MIA,MIL,TRUE, @ ,MIA,2021-10-22T00:00:00.0000000Z,-2,9th,9,219,-,"",Low,14,MIA,942129-5774733
58120,19770636,De'Andre,Hunter,De'Andre Hunter,D. Hunter,942857,32855,SF,460,4700,None,TRUE,FALSE,Breaking,https://dkn.gs/sports/images/nba/players/50/32855.png,https://dkn.gs/sports/images/nba/players/160/32855.png,"","",5770404,DAL @ ATL,DAL,TRUE, @ ,ATL,2021-10-21T23:30:00.0000000Z,5770404,DAL @ ATL,DAL,TRUE, @ ,ATL,2021-10-21T23:30:00.0000000Z,219,25.1,25.1,-2,15th,15,Medium,1,ATL,942857-5770404
58120,19770583,Kevin,Huerter,Kevin Huerter,K. Huerter,944785,32851,SG/SF,459,6200,None,TRUE,FALSE,Recent,https://dkn.gs/sports/images/nba/players/50/32851.png,https://dkn.gs/sports/images/nba/players/160/32851.png,"","",5770404,DAL @ ATL,DAL,TRUE, @ ,ATL,2021-10-21T23:30:00.0000000Z,5770404,DAL @ ATL,DAL,TRUE, @ ,ATL,2021-10-21T23:30:00.0000000Z,219,24.6,24.6,-2,17th,17,Medium,1,ATL,944785-5770404
58120,19770807,Ibi,Watson,Ibi Watson,I. Watson,944811,591882,PG/SG,458,3000,None,TRUE,FALSE,,https://dkn.gs/sports/images/nba/teams/50/32892.png,https://dkn.gs/sports/images/nba/teams/160/32892.png,"","",5770404,DAL @ ATL,DAL,TRUE, @ ,ATL,2021-10-21T23:30:00.0000000Z,5770404,DAL @ ATL,DAL,TRUE, @ ,ATL,2021-10-21T23:30:00.0000000Z,-2,17th,17,219,-,"",Medium,1,ATL,944811-5770404
58120,19770961,Amir,Coffey,Amir Coffey,A. Coffey,944822,58925,PG,458,3000,None,TRUE,FALSE,None,https://dkn.gs/sports/images/nba/players/50/58925.png,https://dkn.gs/sports/images/nba/players/160/58925.png,"","",5770410,LAC @ GSW,LAC,TRUE, @ ,GSW,2021-10-22T02:00:00.0000000Z,5770410,LAC @ GSW,LAC,TRUE, @ ,GSW,2021-10-22T02:00:00.0000000Z,219,4.9,4.9,-2,8th,8,Low,12,LAC,944822-5770410
58120,19770826,Micah,Potter,Micah Potter,M. Potter,945061,591848,SF/PF,460,3000,None,TRUE,FALSE,None,https://dkn.gs/sports/images/nba/teams/50/32931.png,https://dkn.gs/sports/images/nba/teams/160/32931.png,"","",5774733,MIL @ MIA,MIL,TRUE, @ ,MIA,2021-10-22T00:00:00.0000000Z,5774733,MIL @ MIA,MIL,TRUE, @ ,MIA,2021-10-22T00:00:00.0000000Z,-2,24th,24,219,-,"",High,14,MIA,945061-5774733
58120,19770900,Eugene,Omoruyi,Eugene Omoruyi,E. Omoruyi,945123,116446,PF,461,3000,None,TRUE,FALSE,None,https://dkn.gs/sports/images/nba/teams/50/32911.png,https://dkn.gs/sports/images/nba/teams/160/32911.png,"","",5770404,DAL @ ATL,DAL,TRUE, @ ,ATL,2021-10-21T23:30:00.0000000Z,5770404,DAL @ ATL,DAL,TRUE, @ ,ATL,2021-10-21T23:30:00.0000000Z,-2,18th,18,219,-,"",Medium,6,DAL,945123-5770404
58120,19770897,JaQuori,McLaughlin,JaQuori McLaughlin,J. McLaughlin,945673,592413,PG,458,3000,None,TRUE,FALSE,,https://dkn.gs/sports/images/nba/teams/50/32911.png,https://dkn.gs/sports/images/nba/teams/160/32911.png,"","",5770404,DAL @ ATL,DAL,TRUE, @ ,ATL,2021-10-21T23:30:00.0000000Z,5770404,DAL @ ATL,DAL,TRUE, @ ,ATL,2021-10-21T23:30:00.0000000Z,-2,14th,14,219,-,"",Medium,6,DAL,945673-5770404
58120,19770814,Skylar,Mays,Skylar Mays,S. Mays,948123,527260,SG,459,3000,None,TRUE,FALSE,Breaking,https://dkn.gs/sports/images/nba/teams/50/32892.png,https://dkn.gs/sports/images/nba/teams/160/32892.png,"","",5770404,DAL @ ATL,DAL,TRUE, @ ,ATL,2021-10-21T23:30:00.0000000Z,5770404,DAL @ ATL,DAL,TRUE, @ ,ATL,2021-10-21T23:30:00.0000000Z,219,6.6,6.6,-2,17th,17,Medium,1,ATL,948123-5770404
58120,19770893,Carlik,Jones,Carlik Jones,C. Jones,953242,591147,PG/SG,458,3000,None,TRUE,FALSE,,https://dkn.gs/sports/images/nba/teams/50/32911.png,https://dkn.gs/sports/images/nba/teams/160/32911.png,"","",5770404,DAL @ ATL,DAL,TRUE, @ ,ATL,2021-10-21T23:30:00.0000000Z,5770404,DAL @ ATL,DAL,TRUE, @ ,ATL,2021-10-21T23:30:00.0000000Z,-2,14th,14,219,-,"",Medium,6,DAL,953242-5770404
58120,19770844,Dru,Smith,Dru Smith,D. Smith,953243,591849,PG/SG,458,3000,None,TRUE,FALSE,Breaking,https://dkn.gs/sports/images/nba/teams/50/32931.png,https://dkn.gs/sports/images/nba/teams/160/32931.png,"","",5774733,MIL @ MIA,MIL,TRUE, @ ,MIA,2021-10-22T00:00:00.0000000Z,5774733,MIL @ MIA,MIL,TRUE, @ ,MIA,2021-10-22T00:00:00.0000000Z,-2,7th,7,219,-,"",Low,14,MIA,953243-5774733
58120,19770870,Jeff,Dowtin,Jeff Dowtin,J. Dowtin,953377,591861,PG/SG,458,3000,None,TRUE,FALSE,Recent,https://dkn.gs/sports/images/nba/teams/50/32917.png,https://dkn.gs/sports/images/nba/teams/160/32917.png,"","",5770410,LAC @ GSW,LAC,TRUE, @ ,GSW,2021-10-22T02:00:00.0000000Z,5770410,LAC @ GSW,LAC,TRUE, @ ,GSW,2021-10-22T02:00:00.0000000Z,-2,21st,21,219,-,"",Medium,9,GSW,953377-5770410
58120,19770544,Bam,Adebayo,Bam Adebayo,B. Adebayo,957486,33161,C,462,7600,None,TRUE,FALSE,None,https://dkn.gs/sports/images/nba/players/50/33161.png,https://dkn.gs/sports/images/nba/players/160/33161.png,"","",5774733,MIL @ MIA,MIL,TRUE, @ ,MIA,2021-10-22T00:00:00.0000000Z,5774733,MIL @ MIA,MIL,TRUE, @ ,MIA,2021-10-22T00:00:00.0000000Z,219,41.6,41.6,-2,9th,9,Low,14,MIA,957486-5774733
58120,19770796,Wenyen,Gabriel,Wenyen Gabriel,W. Gabriel,957490,33348,PF,461,3100,None,TRUE,FALSE,None,https://dkn.gs/sports/images/nba/players/50/33348.png,https://dkn.gs/sports/images/nba/players/160/33348.png,"","",5774733,MIL @ MIA,MIL,TRUE, @ ,MIA,2021-10-22T00:00:00.0000000Z,5774733,MIL @ MIA,MIL,TRUE, @ ,MIA,2021-10-22T00:00:00.0000000Z,219,9.0,9.0,-2,14th,14,Medium,15,MIL,957490-5774733
58124,19772884,Isaiah,Hartenstein,Isaiah Hartenstein,I. Hartenstein,1057004,33079,C,462,3100,None,TRUE,FALSE,None,https://dkn.gs/sports/images/nba/players/50/33079.png,https://dkn.gs/sports/images/nba/players/160/33079.png,"","",5770410,LAC @ GSW,LAC,TRUE, @ ,GSW,2021-10-22T02:00:00.0000000Z,5770410,LAC @ GSW,LAC,TRUE, @ ,GSW,2021-10-22T02:00:00.0000000Z,219,13.9,13.9,-2,15th,15,Medium,12,LAC,1057004-5770410
58124,19772886,Sandro,Mamukelashvili,Sandro Mamukelashvili,S. Mamukelashvili,1060351,591058,C,462,3000,None,TRUE,FALSE,None,https://dkn.gs/sports/images/nba/teams/50/32933.png,https://dkn.gs/sports/images/nba/teams/160/32933.png,"","",5774733,MIL @ MIA,MIL,TRUE, @ ,MIA,2021-10-22T00:00:00.0000000Z,5774733,MIL @ MIA,MIL,TRUE, @ ,MIA,2021-10-22T00:00:00.0000000Z,-2,14th,14,219,-,"",Medium,15,MIL,1060351-5774733
58124,19772888,Moses,Wright,Moses Wright,M. Wright,1060920,592433,SF/PF,460,3000,None,TRUE,FALSE,,https://dkn.gs/sports/images/nba/teams/50/32925.png,https://dkn.gs/sports/images/nba/teams/160/32925.png,"","",5770410,LAC @ GSW,LAC,TRUE, @ ,GSW,2021-10-22T02:00:00.0000000Z,5770410,LAC @ GSW,LAC,TRUE, @ ,GSW,2021-10-22T02:00:00.0000000Z,-2,8th,8,219,-,"",Low,12,LAC,1060920-5770410
58124,19772892,Marcus,Garrett,Marcus Garrett,M. Garrett,1060962,591165,SG,459,3100,None,TRUE,FALSE,Breaking,https://dkn.gs/sports/images/nba/teams/50/32931.png,https://dkn.gs/sports/images/nba/teams/160/32931.png,"","",5774733,MIL @ MIA,MIL,TRUE, @ ,MIA,2021-10-22T00:00:00.0000000Z,5774733,MIL @ MIA,MIL,TRUE, @ ,MIA,2021-10-22T00:00:00.0000000Z,-2,7th,7,219,-,"",Low,14,MIA,1060962-5774733
58124,19772895,KZ,Okpala,KZ Okpala,K. Okpala,1061544,33165,SF/PF,460,3000,None,TRUE,FALSE,Breaking,https://dkn.gs/sports/images/nba/players/50/33165.png,https://dkn.gs/sports/images/nba/players/160/33165.png,"","",5774733,MIL @ MIA,MIL,TRUE, @ ,MIA,2021-10-22T00:00:00.0000000Z,5774733,MIL @ MIA,MIL,TRUE, @ ,MIA,2021-10-22T00:00:00.0000000Z,219,6.3,6.3,-2,24th,24,High,14,MIA,1061544-5774733
58124,19772899,Tremont,Waters,Tremont Waters,T. Waters,1061694,32889,PG,458,3000,None,TRUE,FALSE,None,https://dkn.gs/sports/images/nba/players/50/32889.png,https://dkn.gs/sports/images/nba/players/160/32889.png,"","",5774733,MIL @ MIA,MIL,TRUE, @ ,MIA,2021-10-22T00:00:00.0000000Z,5774733,MIL @ MIA,MIL,TRUE, @ ,MIA,2021-10-22T00:00:00.0000000Z,219,8.4,8.4,-2,7th,7,Low,15,MIL,1061694-5774733
58124,19772902,Jordan,Poole,Jordan Poole,J. Poole,1067671,33061,PG/SG,458,5500,None,TRUE,FALSE,Recent,https://dkn.gs/sports/images/nba/players/50/33061.png,https://dkn.gs/sports/images/nba/players/160/33061.png,"","",5770410,LAC @ GSW,LAC,TRUE, @ ,GSW,2021-10-22T02:00:00.0000000Z,5770410,LAC @ GSW,LAC,TRUE, @ ,GSW,2021-10-22T02:00:00.0000000Z,219,19.2,19.2,-2,1st,1,Low,9,GSW,1067671-5770410
58124,19772906,Jordan,Nwora,Jordan Nwora,J. Nwora,1076189,36556,SF/PF,460,3700,None,TRUE,FALSE,None,https://dkn.gs/sports/images/nba/teams/50/32933.png,https://dkn.gs/sports/images/nba/teams/160/32933.png,"","",5774733,MIL @ MIA,MIL,TRUE, @ ,MIA,2021-10-22T00:00:00.0000000Z,5774733,MIL @ MIA,MIL,TRUE, @ ,MIA,2021-10-22T00:00:00.0000000Z,219,9.8,9.8,-2,1st,1,Low,15,MIL,1076189-5774733
58124,19772910,Tyler,Herro,Tyler Herro,T. Herro,1134176,33164,PG/SG,458,5200,None,TRUE,FALSE,Breaking,https://dkn.gs/sports/images/nba/players/50/33164.png,https://dkn.gs/sports/images/nba/players/160/33164.png,"","",5774733,MIL @ MIA,MIL,TRUE, @ ,MIA,2021-10-22T00:00:00.0000000Z,5774733,MIL @ MIA,MIL,TRUE, @ ,MIA,2021-10-22T00:00:00.0000000Z,219,27.8,27.8,-2,6th,6,Low,14,MIA,1134176-5774733
58124,19772914,D.J.,Stewart Jr.,D.J. Stewart Jr.,D. Stewart Jr.,1134189,591164,PG/SG,458,3000,None,TRUE,FALSE,,https://dkn.gs/sports/images/nba/teams/50/32931.png,https://dkn.gs/sports/images/nba/teams/160/32931.png,"","",5774733,MIL @ MIA,MIL,TRUE, @ ,MIA,2021-10-22T00:00:00.0000000Z,5774733,MIL @ MIA,MIL,TRUE, @ ,MIA,2021-10-22T00:00:00.0000000Z,-2,7th,7,219,-,"",Low,14,MIA,1134189-5774733
58124,19772918,LJ,Figueroa,LJ Figueroa,L. Figueroa,1134662,591829,SG/SF,459,3000,None,TRUE,FALSE,,https://dkn.gs/sports/images/nba/teams/50/32917.png,https://dkn.gs/sports/images/nba/teams/160/32917.png,"","",5770410,LAC @ GSW,LAC,TRUE, @ ,GSW,2021-10-22T02:00:00.0000000Z,5770410,LAC @ GSW,LAC,TRUE, @ ,GSW,2021-10-22T02:00:00.0000000Z,-2,3rd,3,219,-,"",Low,9,GSW,1134662-5770410
58124,19772923,Jason,Preston,Jason Preston,J. Preston,1137126,591038,PG,458,3000,OUT,TRUE,FALSE,None,https://dkn.gs/sports/images/nba/teams/50/32925.png,https://dkn.gs/sports/images/nba/teams/160/32925.png,"","",5770410,LAC @ GSW,LAC,TRUE, @ ,GSW,2021-10-22T02:00:00.0000000Z,5770410,LAC @ GSW,LAC,TRUE, @ ,GSW,2021-10-22T02:00:00.0000000Z,-2,8th,8,219,-,"",Low,12,LAC,1137126-5770410
58124,19772926,Javonte,Smart,Javonte Smart,J. Smart,1137201,591151,PG/SG,458,3000,None,TRUE,FALSE,,https://dkn.gs/sports/images/nba/teams/50/32931.png,https://dkn.gs/sports/images/nba/teams/160/32931.png,"","",5774733,MIL @ MIA,MIL,TRUE, @ ,MIA,2021-10-22T00:00:00.0000000Z,5774733,MIL @ MIA,MIL,TRUE, @ ,MIA,2021-10-22T00:00:00.0000000Z,-2,6th,6,219,-,"",Low,14,MIA,1137201-5774733
58124,19772930,Alen,Smailagic,Alen Smailagic,A. Smailagic,1148770,33062,PF,461,3000,None,TRUE,FALSE,None,https://dkn.gs/sports/images/nba/players/50/33062.png,https://dkn.gs/sports/images/nba/players/160/33062.png,"","",5770410,LAC @ GSW,LAC,TRUE, @ ,GSW,2021-10-22T02:00:00.0000000Z,5770410,LAC @ GSW,LAC,TRUE, @ ,GSW,2021-10-22T02:00:00.0000000Z,219,4.6,4.6,-2,1st,1,Low,9,GSW,1148770-5770410
58124,19772933,Jalen,Lecque,Jalen Lecque,J. Lecque,1173086,33318,PG,458,3000,None,TRUE,FALSE,None,https://dkn.gs/sports/images/nba/players/50/33318.png,https://dkn.gs/sports/images/nba/players/160/33318.png,"","",5774733,MIL @ MIA,MIL,TRUE, @ ,MIA,2021-10-22T00:00:00.0000000Z,5774733,MIL @ MIA,MIL,TRUE, @ ,MIA,2021-10-22T00:00:00.0000000Z,219,3.6,3.6,-2,7th,7,Low,15,MIL,1173086-5774733
58124,19772936,James,Wiseman,James Wiseman,J. Wiseman,1175120,527215,C,462,4900,OUT,TRUE,FALSE,Breaking,https://dkn.gs/sports/images/nba/teams/50/32917.png,https://dkn.gs/sports/images/nba/teams/160/32917.png,"","",5770410,LAC @ GSW,LAC,TRUE, @ ,GSW,2021-10-22T02:00:00.0000000Z,5770410,LAC @ GSW,LAC,TRUE, @ ,GSW,2021-10-22T02:00:00.0000000Z,219,21.6,21.6,-2,13th,13,Medium,9,GSW,1175120-5770410
58124,19772938,Nico,Mannion,Nico Mannion,N. Mannion,1193675,527258,PG,458,3000,None,TRUE,FALSE,None,https://dkn.gs/sports/images/nba/teams/50/32917.png,https://dkn.gs/sports/images/nba/teams/160/32917.png,"","",5770410,LAC @ GSW,LAC,TRUE, @ ,GSW,2021-10-22T02:00:00.0000000Z,5770410,LAC @ GSW,LAC,TRUE, @ ,GSW,2021-10-22T02:00:00.0000000Z,219,10.5,10.5,-2,21st,21,Medium,9,GSW,1193675-5770410
58124,19772941,Moses,Moody,Moses Moody,M. Moody,1231366,591015,SG,459,3100,None,TRUE,FALSE,Breaking,https://dkn.gs/sports/images/nba/teams/50/32917.png,https://dkn.gs/sports/images/nba/teams/160/32917.png,"","",5770410,LAC @ GSW,LAC,TRUE, @ ,GSW,2021-10-22T02:00:00.0000000Z,5770410,LAC @ GSW,LAC,TRUE, @ ,GSW,2021-10-22T02:00:00.0000000Z,-2,1st,1,219,-,"",Low,9,GSW,1231366-5770410
58124,19772944,Keon,Johnson,Keon Johnson,K. Johnson,1231792,591026,SG,459,3200,OUT,TRUE,FALSE,Recent,https://dkn.gs/sports/images/nba/teams/50/32925.png,https://dkn.gs/sports/images/nba/teams/160/32925.png,"","",5770410,LAC @ GSW,LAC,TRUE, @ ,GSW,2021-10-22T02:00:00.0000000Z,5770410,LAC @ GSW,LAC,TRUE, @ ,GSW,2021-10-22T02:00:00.0000000Z,-2,16th,16,219,-,"",Medium,12,LAC,1231792-5770410
58124,19772947,Brandon,Boston Jr.,Brandon Boston Jr.,B. Boston Jr.,1245906,591055,SG,459,3000,None,TRUE,FALSE,None,https://dkn.gs/sports/images/nba/teams/50/32925.png,https://dkn.gs/sports/images/nba/teams/160/32925.png,"","",5770410,LAC @ GSW,LAC,TRUE, @ ,GSW,2021-10-22T02:00:00.0000000Z,5770410,LAC @ GSW,LAC,TRUE, @ ,GSW,2021-10-22T02:00:00.0000000Z,-2,16th,16,219,-,"",Medium,12,LAC,1245906-5770410
58124,19772950,Jay,Scrubb,Jay Scrubb,J. Scrubb,1257432,527265,SG,459,3000,None,TRUE,FALSE,None,https://dkn.gs/sports/images/nba/teams/50/32925.png,https://dkn.gs/sports/images/nba/teams/160/32925.png,"","",5770410,LAC @ GSW,LAC,TRUE, @ ,GSW,2021-10-22T02:00:00.0000000Z,5770410,LAC @ GSW,LAC,TRUE, @ ,GSW,2021-10-22T02:00:00.0000000Z,219,6.1,6.1,-2,16th,16,Medium,12,LAC,1257432-5770410
58124,19772953,Jonathan,Kuminga,Jonathan Kuminga,J. Kuminga,1271708,590990,SF,460,3500,OUT,TRUE,FALSE,Breaking,https://dkn.gs/sports/images/nba/teams/50/32917.png,https://dkn.gs/sports/images/nba/teams/160/32917.png,"","",5770410,LAC @ GSW,LAC,TRUE, @ ,GSW,2021-10-22T02:00:00.0000000Z,5770410,LAC @ GSW,LAC,TRUE, @ ,GSW,2021-10-22T02:00:00.0000000Z,-2,3rd,3,219,-,"",Low,9,GSW,1271708-5770410
58124,19772956,Georgios,Kalaitzakis,Georgios Kalaitzakis,G. Kalaitzakis,1323544,591064,SG,459,3000,None,TRUE,FALSE,None,https://dkn.gs/sports/images/nba/teams/50/32933.png,https://dkn.gs/sports/images/nba/teams/160/32933.png,"","",5774733,MIL @ MIA,MIL,TRUE, @ ,MIA,2021-10-22T00:00:00.0000000Z,5774733,MIL @ MIA,MIL,TRUE, @ ,MIA,2021-10-22T00:00:00.0000000Z,-2,29th,29,219,-,"",High,15,MIL,1323544-5774733
58124,19772660,Andre,Iguodala,Andre Iguodala,A. Iguodala,173004,33131,SG,459,3700,None,TRUE,FALSE,None,https://dkn.gs/sports/images/nba/players/50/33131.png,https://dkn.gs/sports/images/nba/players/160/33131.png,"","",5770410,LAC @ GSW,LAC,TRUE, @ ,GSW,2021-10-22T02:00:00.0000000Z,5770410,LAC @ GSW,LAC,TRUE, @ ,GSW,2021-10-22T02:00:00.0000000Z,219,14.8,14.8,-2,1st,1,Low,9,GSW,173004-5770410
58124,19772663,Udonis,Haslem,Udonis Haslem,U. Haslem,226806,33152,C,462,3000,None,TRUE,FALSE,Recent,https://dkn.gs/sports/images/nba/players/50/33152.png,https://dkn.gs/sports/images/nba/players/160/33152.png,"","",5774733,MIL @ MIA,MIL,TRUE, @ ,MIA,2021-10-22T00:00:00.0000000Z,5774733,MIL @ MIA,MIL,TRUE, @ ,MIA,2021-10-22T00:00:00.0000000Z,219,5.3,5.3,-2,9th,9,Low,14,MIA,226806-5774733
58124,19772665,P.J.,Tucker,P.J. Tucker,P. Tucker,229602,33067,PF/C,461,4000,None,TRUE,FALSE,None,https://dkn.gs/sports/images/nba/players/50/33067.png,https://dkn.gs/sports/images/nba/players/160/33067.png,"","",5774733,MIL @ MIA,MIL,TRUE, @ ,MIA,2021-10-22T00:00:00.0000000Z,5774733,MIL @ MIA,MIL,TRUE, @ ,MIA,2021-10-22T00:00:00.0000000Z,219,13.2,13.2,-2,2nd,2,Low,14,MIA,229602-5774733
58124,19772669,Kyle,Lowry,Kyle Lowry,K. Lowry,266394,33371,PG,458,8100,None,TRUE,FALSE,None,https://dkn.gs/sports/images/nba/players/50/33371.png,https://dkn.gs/sports/images/nba/players/160/33371.png,"","",5774733,MIL @ MIA,MIL,TRUE, @ ,MIA,2021-10-22T00:00:00.0000000Z,5774733,MIL @ MIA,MIL,TRUE, @ ,MIA,2021-10-22T00:00:00.0000000Z,219,38.0,38.0,-2,6th,6,Low,14,MIA,266394-5774733
58124,19772672,George,Hill,George Hill,G. Hill,277552,33173,PG/SG,458,3500,None,TRUE,FALSE,None,https://dkn.gs/sports/images/nba/players/50/33173.png,https://dkn.gs/sports/images/nba/players/160/33173.png,"","",5774733,MIL @ MIA,MIL,TRUE, @ ,MIA,2021-10-22T00:00:00.0000000Z,5774733,MIL @ MIA,MIL,TRUE, @ ,MIA,2021-10-22T00:00:00.0000000Z,219,14.9,14.9,-2,7th,7,Low,15,MIL,277552-5774733
58124,19772676,Brook,Lopez,Brook Lopez,B. Lopez,330047,33171,C,462,5600,None,TRUE,FALSE,Breaking,https://dkn.gs/sports/images/nba/players/50/33171.png,https://dkn.gs/sports/images/nba/players/160/33171.png,"","",5774733,MIL @ MIA,MIL,TRUE, @ ,MIA,2021-10-22T00:00:00.0000000Z,5774733,MIL @ MIA,MIL,TRUE, @ ,MIA,2021-10-22T00:00:00.0000000Z,219,24.2,24.2,-2,14th,14,Medium,15,MIL,330047-5774733
58124,19772678,Stephen,Curry,Stephen Curry,S. Curry,338365,33049,PG,458,10000,None,TRUE,FALSE,Recent,https://dkn.gs/sports/images/nba/players/50/33049.png,https://dkn.gs/sports/images/nba/players/160/33049.png,"","",5770410,LAC @ GSW,LAC,TRUE, @ ,GSW,2021-10-22T02:00:00.0000000Z,5770410,LAC @ GSW,LAC,TRUE, @ ,GSW,2021-10-22T02:00:00.0000000Z,219,51.4,51.4,-2,21st,21,Medium,9,GSW,338365-5770410
58124,19772681,Jeff,Teague,Jeff Teague,J. Teague,398043,33188,PG,458,3000,None,TRUE,FALSE,None,https://dkn.gs/sports/images/nba/players/50/33188.png,https://dkn.gs/sports/images/nba/players/160/33188.png,"","",5774733,MIL @ MIA,MIL,TRUE, @ ,MIA,2021-10-22T00:00:00.0000000Z,5774733,MIL @ MIA,MIL,TRUE, @ ,MIA,2021-10-22T00:00:00.0000000Z,219,11.6,11.6,-2,7th,7,Low,15,MIL,398043-5774733
58124,19772684,Serge,Ibaka,Serge Ibaka,S. Ibaka,456450,33373,PF/C,461,5500,OUT,TRUE,FALSE,Recent,https://dkn.gs/sports/images/nba/players/50/33373.png,https://dkn.gs/sports/images/nba/players/160/33373.png,"","",5770410,LAC @ GSW,LAC,TRUE, @ ,GSW,2021-10-22T02:00:00.0000000Z,5770410,LAC @ GSW,LAC,TRUE, @ ,GSW,2021-10-22T02:00:00.0000000Z,219,24.4,24.4,-2,8th,8,Low,12,LAC,456450-5770410
58124,19772688,Nicolas,Batum,Nicolas Batum,N. Batum,456451,32930,SF/PF,460,3800,OUT,TRUE,FALSE,Recent,https://dkn.gs/sports/images/nba/players/50/32930.png,https://dkn.gs/sports/images/nba/players/160/32930.png,"","",5770410,LAC @ GSW,LAC,TRUE, @ ,GSW,2021-10-22T02:00:00.0000000Z,5770410,LAC @ GSW,LAC,TRUE, @ ,GSW,2021-10-22T02:00:00.0000000Z,219,21.2,21.2,-2,18th,18,Medium,12,LAC,456451-5770410
58124,19772692,Jrue,Holiday,Jrue Holiday,J. Holiday,457576,33210,PG,458,6500,Q,TRUE,FALSE,Recent,https://dkn.gs/sports/images/nba/players/50/33210.png,https://dkn.gs/sports/images/nba/players/160/33210.png,"","",5774733,MIL @ MIA,MIL,TRUE, @ ,MIA,2021-10-22T00:00:00.0000000Z,5774733,MIL @ MIA,MIL,TRUE, @ ,MIA,2021-10-22T00:00:00.0000000Z,219,38.4,38.4,-2,7th,7,Low,15,MIL,457576-5774733
58124,19772695,Klay,Thompson,Klay Thompson,K. Thompson,457611,33050,SG,459,6300,OUT,TRUE,FALSE,Breaking,https://dkn.gs/sports/images/nba/players/50/33050.png,https://dkn.gs/sports/images/nba/players/160/33050.png,"","",5770410,LAC @ GSW,LAC,TRUE, @ ,GSW,2021-10-22T02:00:00.0000000Z,5770410,LAC @ GSW,LAC,TRUE, @ ,GSW,2021-10-22T02:00:00.0000000Z,-2,1st,1,219,-,"",Low,9,GSW,457611-5770410
58124,19772698,Jimmy,Butler,Jimmy Butler,J. Butler,458730,33155,SF,460,8300,None,TRUE,FALSE,Breaking,https://dkn.gs/sports/images/nba/players/50/33155.png,https://dkn.gs/sports/images/nba/players/160/33155.png,"","",5774733,MIL @ MIA,MIL,TRUE, @ ,MIA,2021-10-22T00:00:00.0000000Z,5774733,MIL @ MIA,MIL,TRUE, @ ,MIA,2021-10-22T00:00:00.0000000Z,219,45.0,45.0,-2,24th,24,High,14,MIA,458730-5774733
58124,19772701,Reggie,Jackson,Reggie Jackson,R. Jackson,462444,33034,PG,458,6700,None,TRUE,FALSE,None,https://dkn.gs/sports/images/nba/players/50/33034.png,https://dkn.gs/sports/images/nba/players/160/33034.png,"","",5770410,LAC @ GSW,LAC,TRUE, @ ,GSW,2021-10-22T02:00:00.0000000Z,5770410,LAC @ GSW,LAC,TRUE, @ ,GSW,2021-10-22T02:00:00.0000000Z,219,22.7,22.7,-2,8th,8,Low,12,LAC,462444-5770410
58124,19772704,Draymond,Green,Draymond Green,D. Green,468895,33052,PF/C,461,6900,None,TRUE,FALSE,Breaking,https://dkn.gs/sports/images/nba/players/50/33052.png,https://dkn.gs/sports/images/nba/players/160/33052.png,"","",5770410,LAC @ GSW,LAC,TRUE, @ ,GSW,2021-10-22T02:00:00.0000000Z,5770410,LAC @ GSW,LAC,TRUE, @ ,GSW,2021-10-22T02:00:00.0000000Z,219,34.0,34.0,-2,1st,1,Low,9,GSW,468895-5770410
58124,19772708,Markieff,Morris,Markieff Morris,M. Morris,469085,33033,PF/C,461,3700,None,TRUE,FALSE,Recent,https://dkn.gs/sports/images/nba/players/50/33033.png,https://dkn.gs/sports/images/nba/players/160/33033.png,"","",5774733,MIL @ MIA,MIL,TRUE, @ ,MIA,2021-10-22T00:00:00.0000000Z,5774733,MIL @ MIA,MIL,TRUE, @ ,MIA,2021-10-22T00:00:00.0000000Z,219,14.8,14.8,-2,2nd,2,Low,14,MIA,469085-5774733
58124,19772712,Marcus,Morris Sr.,Marcus Morris Sr.,M. Morris Sr.,469089,33231,PF,461,5100,None,TRUE,FALSE,Recent,https://dkn.gs/sports/images/nba/players/50/33231.png,https://dkn.gs/sports/images/nba/players/160/33231.png,"","",5770410,LAC @ GSW,LAC,TRUE, @ ,GSW,2021-10-22T02:00:00.0000000Z,5770410,LAC @ GSW,LAC,TRUE, @ ,GSW,2021-10-22T02:00:00.0000000Z,219,22.5,22.5,-2,8th,8,Low,12,LAC,469089-5770410
58124,19772715,Paul,George,Paul George,P. George,469218,33100,SF,460,9700,None,TRUE,FALSE,None,https://dkn.gs/sports/images/nba/players/50/33100.png,https://dkn.gs/sports/images/nba/players/160/33100.png,"","",5770410,LAC @ GSW,LAC,TRUE, @ ,GSW,2021-10-22T02:00:00.0000000Z,5770410,LAC @ GSW,LAC,TRUE, @ ,GSW,2021-10-22T02:00:00.0000000Z,219,44.8,44.8,-2,18th,18,Medium,12,LAC,469218-5770410
58124,19772718,Eric,Bledsoe,Eric Bledsoe,E. Bledsoe,509449,33175,PG/SG,458,6000,None,TRUE,FALSE,Breaking,https://dkn.gs/sports/images/nba/players/50/33175.png,https://dkn.gs/sports/images/nba/players/160/33175.png,"","",5770410,LAC @ GSW,LAC,TRUE, @ ,GSW,2021-10-22T02:00:00.0000000Z,5770410,LAC @ GSW,LAC,TRUE, @ ,GSW,2021-10-22T02:00:00.0000000Z,219,24.6,24.6,-2,8th,8,Low,12,LAC,509449-5770410
58124,19772722,Khris,Middleton,Khris Middleton,K. Middleton,512053,33177,SF,460,7300,None,TRUE,FALSE,Recent,https://dkn.gs/sports/images/nba/players/50/33177.png,https://dkn.gs/sports/images/nba/players/160/33177.png,"","",5774733,MIL @ MIA,MIL,TRUE, @ ,MIA,2021-10-22T00:00:00.0000000Z,5774733,MIL @ MIA,MIL,TRUE, @ ,MIA,2021-10-22T00:00:00.0000000Z,219,39.9,39.9,-2,1st,1,Low,15,MIL,512053-5774733
58124,19772725,Kawhi,Leonard,Kawhi Leonard,K. Leonard,512591,33102,PF,461,9500,OUT,TRUE,FALSE,None,https://dkn.gs/sports/images/nba/players/50/33102.png,https://dkn.gs/sports/images/nba/players/160/33102.png,"","",5770410,LAC @ GSW,LAC,TRUE, @ ,GSW,2021-10-22T02:00:00.0000000Z,5770410,LAC @ GSW,LAC,TRUE, @ ,GSW,2021-10-22T02:00:00.0000000Z,219,46.3,46.3,-2,8th,8,Low,12,LAC,512591-5770410
58124,19772728,Nemanja,Bjelica,Nemanja Bjelica,N. Bjelica,550431,33335,PF/C,461,4600,None,TRUE,FALSE,Recent,https://dkn.gs/sports/images/nba/players/50/33335.png,https://dkn.gs/sports/images/nba/players/160/33335.png,"","",5770410,LAC @ GSW,LAC,TRUE, @ ,GSW,2021-10-22T02:00:00.0000000Z,5770410,LAC @ GSW,LAC,TRUE, @ ,GSW,2021-10-22T02:00:00.0000000Z,219,14.8,14.8,-2,1st,1,Low,9,GSW,550431-5770410
58124,19772732,Langston,Galloway,Langston Galloway,L. Galloway,551321,33038,SG,459,3000,None,TRUE,FALSE,None,https://dkn.gs/sports/images/nba/players/50/33038.png,https://dkn.gs/sports/images/nba/players/160/33038.png,"","",5770410,LAC @ GSW,LAC,TRUE, @ ,GSW,2021-10-22T02:00:00.0000000Z,5770410,LAC @ GSW,LAC,TRUE, @ ,GSW,2021-10-22T02:00:00.0000000Z,219,7.5,7.5,-2,1st,1,Low,9,GSW,551321-5770410
58124,19772735,Victor,Oladipo,Victor Oladipo,V. Oladipo,553166,33086,PG/SG,458,6600,OUT,TRUE,FALSE,None,https://dkn.gs/sports/images/nba/players/50/33086.png,https://dkn.gs/sports/images/nba/players/160/33086.png,"","",5774733,MIL @ MIA,MIL,TRUE, @ ,MIA,2021-10-22T00:00:00.0000000Z,5774733,MIL @ MIA,MIL,TRUE, @ ,MIA,2021-10-22T00:00:00.0000000Z,219,36.2,36.2,-2,7th,7,Low,14,MIA,553166-5774733
58124,19772739,Juan,Toscano-Anderson,Juan Toscano-Anderson,J. Toscano-Anderson,601511,58887,PF/C,461,3300,None,TRUE,FALSE,None,https://dkn.gs/sports/images/nba/players/50/58887.png,https://dkn.gs/sports/images/nba/players/160/58887.png,"","",5770410,LAC @ GSW,LAC,TRUE, @ ,GSW,2021-10-22T02:00:00.0000000Z,5770410,LAC @ GSW,LAC,TRUE, @ ,GSW,2021-10-22T02:00:00.0000000Z,219,17.8,17.8,-2,3rd,3,Low,9,GSW,601511-5770410
58124,19772743,Pat,Connaughton,Pat Connaughton,P. Connaughton,601514,33180,SG/SF,459,4500,None,TRUE,FALSE,Recent,https://dkn.gs/sports/images/nba/players/50/33180.png,https://dkn.gs/sports/images/nba/players/160/33180.png,"","",5774733,MIL @ MIA,MIL,TRUE, @ ,MIA,2021-10-22T00:00:00.0000000Z,5774733,MIL @ MIA,MIL,TRUE, @ ,MIA,2021-10-22T00:00:00.0000000Z,219,16.8,16.8,-2,1st,1,Low,15,MIL,601514-5774733
58124,19772748,Johnny,O'Bryant III,Johnny O'Bryant III,J. O'Bryant III,603100,115827,PF,461,3000,None,TRUE,FALSE,None,https://dkn.gs/sports/images/nba/players/50/115827.png,https://dkn.gs/sports/images/nba/players/160/115827.png,"","",5774733,MIL @ MIA,MIL,TRUE, @ ,MIA,2021-10-22T00:00:00.0000000Z,5774733,MIL @ MIA,MIL,TRUE, @ ,MIA,2021-10-22T00:00:00.0000000Z,-2,14th,14,219,-,"",Medium,15,MIL,603100-5774733
58124,19772751,Rodney,Hood,Rodney Hood,R. Hood,603106,33326,SG/SF,459,3400,OUT,TRUE,FALSE,Recent,https://dkn.gs/sports/images/nba/players/50/33326.png,https://dkn.gs/sports/images/nba/players/160/33326.png,"","",5774733,MIL @ MIA,MIL,TRUE, @ ,MIA,2021-10-22T00:00:00.0000000Z,5774733,MIL @ MIA,MIL,TRUE, @ ,MIA,2021-10-22T00:00:00.0000000Z,219,9.4,9.4,-2,29th,29,High,15,MIL,603106-5774733
58124,19772756,Dewayne,Dedmon,Dewayne Dedmon,D. Dedmon,606642,33338,C,462,3700,None,TRUE,FALSE,Recent,https://dkn.gs/sports/images/nba/players/50/33338.png,https://dkn.gs/sports/images/nba/players/160/33338.png,"","",5774733,MIL @ MIA,MIL,TRUE, @ ,MIA,2021-10-22T00:00:00.0000000Z,5774733,MIL @ MIA,MIL,TRUE, @ ,MIA,2021-10-22T00:00:00.0000000Z,219,15.9,15.9,-2,9th,9,Low,14,MIA,606642-5774733
58124,19772758,Damion,Lee,Damion Lee,D. Lee,609081,33057,PG,458,3600,None,TRUE,FALSE,None,https://dkn.gs/sports/images/nba/players/50/33057.png,https://dkn.gs/sports/images/nba/players/160/33057.png,"","",5770410,LAC @ GSW,LAC,TRUE, @ ,GSW,2021-10-22T02:00:00.0000000Z,5770410,LAC @ GSW,LAC,TRUE, @ ,GSW,2021-10-22T02:00:00.0000000Z,219,14.4,14.4,-2,21st,21,Medium,9,GSW,609081-5770410
58124,19772761,Otto,Porter Jr.,Otto Porter Jr.,O. Porter Jr.,609256,32961,SF/PF,460,4300,None,TRUE,FALSE,None,https://dkn.gs/sports/images/nba/players/50/32961.png,https://dkn.gs/sports/images/nba/players/160/32961.png,"","",5770410,LAC @ GSW,LAC,TRUE, @ ,GSW,2021-10-22T02:00:00.0000000Z,5770410,LAC @ GSW,LAC,TRUE, @ ,GSW,2021-10-22T02:00:00.0000000Z,219,21.2,21.2,-2,3rd,3,Low,9,GSW,609256-5770410
58124,19772765,Yogi,Ferrell,Yogi Ferrell,Y. Ferrell,698635,33342,PG,458,3000,None,TRUE,FALSE,None,https://dkn.gs/sports/images/nba/players/50/33342.png,https://dkn.gs/sports/images/nba/players/160/33342.png,"","",5770410,LAC @ GSW,LAC,TRUE, @ ,GSW,2021-10-22T02:00:00.0000000Z,5770410,LAC @ GSW,LAC,TRUE, @ ,GSW,2021-10-22T02:00:00.0000000Z,219,7.8,7.8,-2,8th,8,Low,12,LAC,698635-5770410
58124,19772768,Giannis,Antetokounmpo,Giannis Antetokounmpo,G. Antetokounmpo,739957,33178,PF/C,461,10300,None,TRUE,FALSE,Recent,https://dkn.gs/sports/images/nba/players/50/33178.png,https://dkn.gs/sports/images/nba/players/160/33178.png,"","",5774733,MIL @ MIA,MIL,TRUE, @ ,MIA,2021-10-22T00:00:00.0000000Z,5774733,MIL @ MIA,MIL,TRUE, @ ,MIA,2021-10-22T00:00:00.0000000Z,219,56.4,56.4,-2,14th,14,Medium,15,MIL,739957-5774733
58124,19772772,George,King,George King,G. King,742864,59064,SF,460,3000,None,TRUE,FALSE,None,https://dkn.gs/sports/images/nba/players/50/59064.png,https://dkn.gs/sports/images/nba/players/160/59064.png,"","",5770410,LAC @ GSW,LAC,TRUE, @ ,GSW,2021-10-22T02:00:00.0000000Z,5770410,LAC @ GSW,LAC,TRUE, @ ,GSW,2021-10-22T02:00:00.0000000Z,-2,18th,18,219,-,"",Medium,12,LAC,742864-5770410
58124,19772775,Jordan,Bell,Jordan Bell,J. Bell,743701,33199,PF,461,3100,None,TRUE,FALSE,Breaking,https://dkn.gs/sports/images/nba/players/50/33199.png,https://dkn.gs/sports/images/nba/players/160/33199.png,"","",5770410,LAC @ GSW,LAC,TRUE, @ ,GSW,2021-10-22T02:00:00.0000000Z,5770410,LAC @ GSW,LAC,TRUE, @ ,GSW,2021-10-22T02:00:00.0000000Z,219,11.6,11.6,-2,1st,1,Low,9,GSW,743701-5770410
58124,19772778,Bobby,Portis,Bobby Portis,B. Portis,750703,33236,PF/C,461,4100,OUT,TRUE,FALSE,Recent,https://dkn.gs/sports/images/nba/players/50/33236.png,https://dkn.gs/sports/images/nba/players/160/33236.png,"","",5774733,MIL @ MIA,MIL,TRUE, @ ,MIA,2021-10-22T00:00:00.0000000Z,5774733,MIL @ MIA,MIL,TRUE, @ ,MIA,2021-10-22T00:00:00.0000000Z,219,23.2,23.2,-2,14th,14,Medium,15,MIL,750703-5774733
58124,19772782,Semi,Ojeleye,Semi Ojeleye,S. Ojeleye,792415,32877,PF,461,3000,OUT,TRUE,FALSE,Recent,https://dkn.gs/sports/images/nba/players/50/32877.png,https://dkn.gs/sports/images/nba/players/160/32877.png,"","",5774733,MIL @ MIA,MIL,TRUE, @ ,MIA,2021-10-22T00:00:00.0000000Z,5774733,MIL @ MIA,MIL,TRUE, @ ,MIA,2021-10-22T00:00:00.0000000Z,219,9.4,9.4,-2,14th,14,Medium,15,MIL,792415-5774733
58124,19772785,Andrew,Wiggins,Andrew Wiggins,A. Wiggins,794503,33191,SG/SF,459,5900,None,TRUE,FALSE,Recent,https://dkn.gs/sports/images/nba/players/50/33191.png,https://dkn.gs/sports/images/nba/players/160/33191.png,"","",5770410,LAC @ GSW,LAC,TRUE, @ ,GSW,2021-10-22T02:00:00.0000000Z,5770410,LAC @ GSW,LAC,TRUE, @ ,GSW,2021-10-22T02:00:00.0000000Z,219,32.3,32.3,-2,3rd,3,Low,9,GSW,794503-5770410
58124,19772790,Thanasis,Antetokounmpo,Thanasis Antetokounmpo,T. Antetokounmpo,803207,33179,PF,461,3200,None,TRUE,FALSE,None,https://dkn.gs/sports/images/nba/players/50/33179.png,https://dkn.gs/sports/images/nba/players/160/33179.png,"","",5774733,MIL @ MIA,MIL,TRUE, @ ,MIA,2021-10-22T00:00:00.0000000Z,5774733,MIL @ MIA,MIL,TRUE, @ ,MIA,2021-10-22T00:00:00.0000000Z,219,6.8,6.8,-2,14th,14,Medium,15,MIL,803207-5774733
58124,19772793,Grayson,Allen,Grayson Allen,G. Allen,842296,33143,SG/SF,459,4400,None,TRUE,FALSE,Recent,https://dkn.gs/sports/images/nba/players/50/33143.png,https://dkn.gs/sports/images/nba/players/160/33143.png,"","",5774733,MIL @ MIA,MIL,TRUE, @ ,MIA,2021-10-22T00:00:00.0000000Z,5774733,MIL @ MIA,MIL,TRUE, @ ,MIA,2021-10-22T00:00:00.0000000Z,219,19.6,19.6,-2,29th,29,High,15,MIL,842296-5774733
58124,19772798,Justise,Winslow,Justise Winslow,J. Winslow,842298,33159,PG/SF,458,3400,None,TRUE,FALSE,None,https://dkn.gs/sports/images/nba/players/50/33159.png,https://dkn.gs/sports/images/nba/players/160/33159.png,"","",5770410,LAC @ GSW,LAC,TRUE, @ ,GSW,2021-10-22T02:00:00.0000000Z,5770410,LAC @ GSW,LAC,TRUE, @ ,GSW,2021-10-22T02:00:00.0000000Z,219,16.5,16.5,-2,8th,8,Low,12,LAC,842298-5770410
58124,19772803,Caleb,Martin,Caleb Martin,C. Martin,842969,32956,SG,459,3000,None,TRUE,FALSE,None,https://dkn.gs/sports/images/nba/players/50/32956.png,https://dkn.gs/sports/images/nba/players/160/32956.png,"","",5774733,MIL @ MIA,MIL,TRUE, @ ,MIA,2021-10-22T00:00:00.0000000Z,5774733,MIL @ MIA,MIL,TRUE, @ ,MIA,2021-10-22T00:00:00.0000000Z,219,12.1,12.1,-2,7th,7,Low,14,MIA,842969-5774733
58124,19772806,Chris,Chiozza,Chris Chiozza,C. Chiozza,845512,33082,PG,458,3000,None,TRUE,FALSE,None,https://dkn.gs/sports/images/nba/players/50/33082.png,https://dkn.gs/sports/images/nba/players/160/33082.png,"","",5770410,LAC @ GSW,LAC,TRUE, @ ,GSW,2021-10-22T02:00:00.0000000Z,5770410,LAC @ GSW,LAC,TRUE, @ ,GSW,2021-10-22T02:00:00.0000000Z,219,9.0,9.0,-2,21st,21,Medium,9,GSW,845512-5770410
58124,19772809,Gary,Payton II,Gary Payton II,G. Payton II,846407,116047,PG,458,3000,None,TRUE,FALSE,Recent,https://dkn.gs/sports/images/nba/players/50/116047.png,https://dkn.gs/sports/images/nba/players/160/116047.png,"","",5770410,LAC @ GSW,LAC,TRUE, @ ,GSW,2021-10-22T02:00:00.0000000Z,5770410,LAC @ GSW,LAC,TRUE, @ ,GSW,2021-10-22T02:00:00.0000000Z,219,5.5,5.5,-2,21st,21,Medium,9,GSW,846407-5770410
58124,19772812,Kevon,Looney,Kevon Looney,K. Looney,846499,33056,C,462,3600,None,TRUE,FALSE,None,https://dkn.gs/sports/images/nba/players/50/33056.png,https://dkn.gs/sports/images/nba/players/160/33056.png,"","",5770410,LAC @ GSW,LAC,TRUE, @ ,GSW,2021-10-22T02:00:00.0000000Z,5770410,LAC @ GSW,LAC,TRUE, @ ,GSW,2021-10-22T02:00:00.0000000Z,219,15.0,15.0,-2,13th,13,Medium,9,GSW,846499-5770410
58124,19772814,Gabe,Vincent,Gabe Vincent,G. Vincent,851253,36560,PG/SG,458,3700,None,TRUE,FALSE,None,https://dkn.gs/sports/images/nba/players/50/36560.png,https://dkn.gs/sports/images/nba/teams/160/32931.png,"","",5774733,MIL @ MIA,MIL,TRUE, @ ,MIA,2021-10-22T00:00:00.0000000Z,5774733,MIL @ MIA,MIL,TRUE, @ ,MIA,2021-10-22T00:00:00.0000000Z,219,9.0,9.0,-2,6th,6,Low,14,MIA,851253-5774733
58124,19772818,Elijah,Bryant,Elijah Bryant,E. Bryant,851294,58950,SG,459,3000,None,TRUE,FALSE,Breaking,https://dkn.gs/sports/images/nba/teams/50/32933.png,https://dkn.gs/sports/images/nba/teams/160/32933.png,"","",5774733,MIL @ MIA,MIL,TRUE, @ ,MIA,2021-10-22T00:00:00.0000000Z,5774733,MIL @ MIA,MIL,TRUE, @ ,MIA,2021-10-22T00:00:00.0000000Z,219,5.7,5.7,-2,29th,29,High,15,MIL,851294-5774733
58124,19772821,Duncan,Robinson,Duncan Robinson,D. Robinson,854591,33163,SG,459,5000,None,TRUE,FALSE,None,https://dkn.gs/sports/images/nba/players/50/33163.png,https://dkn.gs/sports/images/nba/players/160/33163.png,"","",5774733,MIL @ MIA,MIL,TRUE, @ ,MIA,2021-10-22T00:00:00.0000000Z,5774733,MIL @ MIA,MIL,TRUE, @ ,MIA,2021-10-22T00:00:00.0000000Z,219,22.7,22.7,-2,7th,7,Low,14,MIA,854591-5774733
58124,19772824,Terance,Mann,Terance Mann,T. Mann,879504,33113,SG/SF,459,4500,None,TRUE,FALSE,None,https://dkn.gs/sports/images/nba/players/50/33113.png,https://dkn.gs/sports/images/nba/players/160/33113.png,"","",5770410,LAC @ GSW,LAC,TRUE, @ ,GSW,2021-10-22T02:00:00.0000000Z,5770410,LAC @ GSW,LAC,TRUE, @ ,GSW,2021-10-22T02:00:00.0000000Z,219,14.9,14.9,-2,18th,18,Medium,12,LAC,879504-5770410
58124,19772829,Quinndary,Weatherspoon,Quinndary Weatherspoon,Q. Weatherspoon,886418,33370,PG,458,3000,None,TRUE,FALSE,None,https://dkn.gs/sports/images/nba/players/50/33370.png,https://dkn.gs/sports/images/nba/players/160/33370.png,"","",5770410,LAC @ GSW,LAC,TRUE, @ ,GSW,2021-10-22T02:00:00.0000000Z,5770410,LAC @ GSW,LAC,TRUE, @ ,GSW,2021-10-22T02:00:00.0000000Z,219,4.4,4.4,-2,21st,21,Medium,9,GSW,886418-5770410
58124,19772832,Luke,Kennard,Luke Kennard,L. Kennard,887661,33042,SG/SF,459,3300,None,TRUE,FALSE,None,https://dkn.gs/sports/images/nba/players/50/33042.png,https://dkn.gs/sports/images/nba/players/160/33042.png,"","",5770410,LAC @ GSW,LAC,TRUE, @ ,GSW,2021-10-22T02:00:00.0000000Z,5770410,LAC @ GSW,LAC,TRUE, @ ,GSW,2021-10-22T02:00:00.0000000Z,219,14.0,14.0,-2,16th,16,Medium,12,LAC,887661-5770410
58124,19772837,Donte,DiVincenzo,Donte DiVincenzo,D. DiVincenzo,887915,33185,PG/SG,458,5400,OUT,TRUE,FALSE,Recent,https://dkn.gs/sports/images/nba/players/50/33185.png,https://dkn.gs/sports/images/nba/players/160/33185.png,"","",5774733,MIL @ MIA,MIL,TRUE, @ ,MIA,2021-10-22T00:00:00.0000000Z,5774733,MIL @ MIA,MIL,TRUE, @ ,MIA,2021-10-22T00:00:00.0000000Z,219,24.9,24.9,-2,29th,29,High,15,MIL,887915-5774733
58124,19772841,Rayjon,Tucker,Rayjon Tucker,R. Tucker,887927,58955,SF,460,3000,None,TRUE,FALSE,None,https://dkn.gs/sports/images/nba/players/50/58955.png,https://dkn.gs/sports/images/nba/players/160/58955.png,"","",5774733,MIL @ MIA,MIL,TRUE, @ ,MIA,2021-10-22T00:00:00.0000000Z,5774733,MIL @ MIA,MIL,TRUE, @ ,MIA,2021-10-22T00:00:00.0000000Z,219,4.1,4.1,-2,1st,1,Low,15,MIL,887927-5774733
58124,19772844,Mychal,Mulder,Mychal Mulder,M. Mulder,891351,58815,PG,458,3000,None,TRUE,FALSE,Breaking,https://dkn.gs/sports/images/nba/players/50/58815.png,https://dkn.gs/sports/images/nba/players/160/58815.png,"","",5770410,LAC @ GSW,LAC,TRUE, @ ,GSW,2021-10-22T02:00:00.0000000Z,5770410,LAC @ GSW,LAC,TRUE, @ ,GSW,2021-10-22T02:00:00.0000000Z,219,8.8,8.8,-2,21st,21,Medium,9,GSW,891351-5770410
58124,19772847,Justin,Robinson,Justin Robinson,J. Robinson,893009,32890,PG,458,3000,None,TRUE,FALSE,None,https://dkn.gs/sports/images/nba/players/50/32890.png,https://dkn.gs/sports/images/nba/players/160/32890.png,"","",5774733,MIL @ MIA,MIL,TRUE, @ ,MIA,2021-10-22T00:00:00.0000000Z,5774733,MIL @ MIA,MIL,TRUE, @ ,MIA,2021-10-22T00:00:00.0000000Z,219,5.6,5.6,-2,7th,7,Low,15,MIL,893009-5774733
58124,19772850,Ivica,Zubac,Ivica Zubac,I. Zubac,920093,33107,C,462,5000,None,TRUE,FALSE,None,https://dkn.gs/sports/images/nba/players/50/33107.png,https://dkn.gs/sports/images/nba/players/160/33107.png,"","",5770410,LAC @ GSW,LAC,TRUE, @ ,GSW,2021-10-22T02:00:00.0000000Z,5770410,LAC @ GSW,LAC,TRUE, @ ,GSW,2021-10-22T02:00:00.0000000Z,219,20.8,20.8,-2,15th,15,Medium,12,LAC,920093-5770410
58124,19772852,Max,Strus,Max Strus,M. Strus,936502,32893,SG/SF,459,3500,None,TRUE,FALSE,None,https://dkn.gs/sports/images/nba/players/50/32893.png,https://dkn.gs/sports/images/nba/players/160/32893.png,"","",5774733,MIL @ MIA,MIL,TRUE, @ ,MIA,2021-10-22T00:00:00.0000000Z,5774733,MIL @ MIA,MIL,TRUE, @ ,MIA,2021-10-22T00:00:00.0000000Z,219,9.0,9.0,-2,7th,7,Low,14,MIA,936502-5774733
58124,19772857,Harry,Giles III,Harry Giles III,H. Giles III,937650,33344,PF,461,3000,None,TRUE,FALSE,Breaking,https://dkn.gs/sports/images/nba/players/50/33344.png,https://dkn.gs/sports/images/nba/players/160/33344.png,"","",5770410,LAC @ GSW,LAC,TRUE, @ ,GSW,2021-10-22T02:00:00.0000000Z,5770410,LAC @ GSW,LAC,TRUE, @ ,GSW,2021-10-22T02:00:00.0000000Z,219,9.1,9.1,-2,8th,8,Low,12,LAC,937650-5770410
58124,19772860,Javin,DeLaurier,Javin DeLaurier,J. DeLaurier,937663,529628,C,462,3000,None,TRUE,FALSE,None,https://dkn.gs/sports/images/nba/teams/50/32933.png,https://dkn.gs/sports/images/nba/teams/160/32933.png,"","",5774733,MIL @ MIA,MIL,TRUE, @ ,MIA,2021-10-22T00:00:00.0000000Z,5774733,MIL @ MIA,MIL,TRUE, @ ,MIA,2021-10-22T00:00:00.0000000Z,-2,14th,14,219,-,"",Medium,15,MIL,937663-5774733
58124,19772862,Omer,Yurtseven,Omer Yurtseven,O. Yurtseven,942129,564694,C,462,3000,None,TRUE,FALSE,Breaking,https://dkn.gs/sports/images/nba/teams/50/32931.png,https://dkn.gs/sports/images/nba/teams/160/32931.png,"","",5774733,MIL @ MIA,MIL,TRUE, @ ,MIA,2021-10-22T00:00:00.0000000Z,5774733,MIL @ MIA,MIL,TRUE, @ ,MIA,2021-10-22T00:00:00.0000000Z,-2,9th,9,219,-,"",Low,14,MIA,942129-5774733
58124,19772864,Amir,Coffey,Amir Coffey,A. Coffey,944822,58925,PG,458,3000,None,TRUE,FALSE,None,https://dkn.gs/sports/images/nba/players/50/58925.png,https://dkn.gs/sports/images/nba/players/160/58925.png,"","",5770410,LAC @ GSW,LAC,TRUE, @ ,GSW,2021-10-22T02:00:00.0000000Z,5770410,LAC @ GSW,LAC,TRUE, @ ,GSW,2021-10-22T02:00:00.0000000Z,219,4.9,4.9,-2,8th,8,Low,12,LAC,944822-5770410
58124,19772867,Micah,Potter,Micah Potter,M. Potter,945061,591848,SF/PF,460,3000,None,TRUE,FALSE,None,https://dkn.gs/sports/images/nba/teams/50/32931.png,https://dkn.gs/sports/images/nba/teams/160/32931.png,"","",5774733,MIL @ MIA,MIL,TRUE, @ ,MIA,2021-10-22T00:00:00.0000000Z,5774733,MIL @ MIA,MIL,TRUE, @ ,MIA,2021-10-22T00:00:00.0000000Z,-2,24th,24,219,-,"",High,14,MIA,945061-5774733
58124,19772871,Dru,Smith,Dru Smith,D. Smith,953243,591849,PG/SG,458,3000,None,TRUE,FALSE,Breaking,https://dkn.gs/sports/images/nba/teams/50/32931.png,https://dkn.gs/sports/images/nba/teams/160/32931.png,"","",5774733,MIL @ MIA,MIL,TRUE, @ ,MIA,2021-10-22T00:00:00.0000000Z,5774733,MIL @ MIA,MIL,TRUE, @ ,MIA,2021-10-22T00:00:00.0000000Z,-2,7th,7,219,-,"",Low,14,MIA,953243-5774733
58124,19772875,Jeff,Dowtin,Jeff Dowtin,J. Dowtin,953377,591861,PG/SG,458,3000,None,TRUE,FALSE,Recent,https://dkn.gs/sports/images/nba/teams/50/32917.png,https://dkn.gs/sports/images/nba/teams/160/32917.png,"","",5770410,LAC @ GSW,LAC,TRUE, @ ,GSW,2021-10-22T02:00:00.0000000Z,5770410,LAC @ GSW,LAC,TRUE, @ ,GSW,2021-10-22T02:00:00.0000000Z,-2,21st,21,219,-,"",Medium,9,GSW,953377-5770410
58124,19772879,Bam,Adebayo,Bam Adebayo,B. Adebayo,957486,33161,C,462,7600,None,TRUE,FALSE,None,https://dkn.gs/sports/images/nba/players/50/33161.png,https://dkn.gs/sports/images/nba/players/160/33161.png,"","",5774733,MIL @ MIA,MIL,TRUE, @ ,MIA,2021-10-22T00:00:00.0000000Z,5774733,MIL @ MIA,MIL,TRUE, @ ,MIA,2021-10-22T00:00:00.0000000Z,219,41.6,41.6,-2,9th,9,Low,14,MIA,957486-5774733
58124,19772881,Wenyen,Gabriel,Wenyen Gabriel,W. Gabriel,957490,33348,PF,461,3100,None,TRUE,FALSE,None,https://dkn.gs/sports/images/nba/players/50/33348.png,https://dkn.gs/sports/images/nba/players/160/33348.png,"","",5774733,MIL @ MIA,MIL,TRUE, @ ,MIA,2021-10-22T00:00:00.0000000Z,5774733,MIL @ MIA,MIL,TRUE, @ ,MIA,2021-10-22T00:00:00.0000000Z,219,9.0,9.0,-2,14th,14,Medium,15,MIL,957490-5774733
