Position,Name + ID,Name,ID,Roster Position,Salary,Game Info,TeamAbbrev,AvgPointsPerGame
PG,Luka Doncic (31024804),Luka Doncic,31024804,PG/G/UTIL,12100,DAL@WAS 11/15/2023 07:00PM ET,DAL,61
C,Joel Embiid (31024807),Joel Embiid,31024807,C/UTIL,11600,BOS@PHI 11/15/2023 07:30PM ET,PHI,61.03
PF/C,Giannis Antetokounmpo (31024809),Giannis Antetokounmpo,31024809,PF/C/F/UTIL,11100,MIL@TOR 11/15/2023 07:30PM ET,MIL,50.35
PG/SG,Devin Booker (31024813),Devin Booker,31024813,PG/SG/G/UTIL,10300,MIN@PHX 11/15/2023 09:00PM ET,PHX,57.62
C,Anthony Davis (31024817),Anthony Davis,31024817,C/UTIL,10200,SAC@LAL 11/15/2023 10:00PM ET,LAL,52.61
SF/PF,Jayson Tatum (31024819),Jayson Tatum,31024819,SF/PF/F/UTIL,10100,BOS@PHI 11/15/2023 07:30PM ET,BOS,49.32
SF/PF,LeBron James (31024823),LeBron James,31024823,SF/PF/F/UTIL,10000,SAC@LAL 11/15/2023 10:00PM ET,LAL,47.94
PF,Kevin Durant (31024827),Kevin Durant,31024827,PF/F/UTIL,9900,MIN@PHX 11/15/2023 09:00PM ET,PHX,49.12
C,Domantas Sabonis (31024830),Domantas Sabonis,31024830,C/UTIL,9800,SAC@LAL 11/15/2023 10:00PM ET,SAC,48.39
PG,Tyrese Maxey (31024832),Tyrese Maxey,31024832,PG/G/UTIL,9500,BOS@PHI 11/15/2023 07:30PM ET,PHI,52.03
PG,Trae Young (31024835),Trae Young,31024835,PG/G/UTIL,9300,NYK@ATL 11/15/2023 07:30PM ET,ATL,46.5
PG/SF,Scottie Barnes (31024838),Scottie Barnes,31024838,PG/SF/F/G/UTIL,9200,MIL@TOR 11/15/2023 07:30PM ET,TOR,48.52
PG/SG,Dejounte Murray (31024847),Dejounte Murray,31024847,PG/SG/G/UTIL,9100,NYK@ATL 11/15/2023 07:30PM ET,ATL,39.36
PG/SG,Donovan Mitchell (31024843),Donovan Mitchell,31024843,PG/SG/G/UTIL,9100,CLE@POR 11/15/2023 10:00PM ET,CLE,48.75
PG,Damian Lillard (31024851),Damian Lillard,31024851,PG/G/UTIL,9000,MIL@TOR 11/15/2023 07:30PM ET,MIL,37.12
SG/SF,Anthony Edwards (31024854),Anthony Edwards,31024854,SG/SF/F/G/UTIL,8900,MIN@PHX 11/15/2023 09:00PM ET,MIN,47.28
PG/SG,Kyrie Irving (31024859),Kyrie Irving,31024859,PG/SG/G/UTIL,8800,DAL@WAS 11/15/2023 07:00PM ET,DAL,43.22
PF/C,Pascal Siakam (31024863),Pascal Siakam,31024863,PF/C/F/UTIL,8700,MIL@TOR 11/15/2023 07:30PM ET,TOR,37.38
PG,De'Aaron Fox (31024867),De'Aaron Fox,31024867,PG/G/UTIL,8300,SAC@LAL 11/15/2023 10:00PM ET,SAC,47.94
PF/C,Julius Randle (31024870),Julius Randle,31024870,PF/C/F/UTIL,8200,NYK@ATL 11/15/2023 07:30PM ET,NYK,40.62
PF,Kyle Kuzma (31024874),Kyle Kuzma,31024874,PF/F/UTIL,8100,DAL@WAS 11/15/2023 07:00PM ET,WAS,37.88
PG/SG,Malcolm Brogdon (31024877),Malcolm Brogdon,31024877,PG/SG/G/UTIL,8100,CLE@POR 11/15/2023 10:00PM ET,POR,33.5
PG,Jalen Brunson (31024881),Jalen Brunson,31024881,PG/G/UTIL,8000,NYK@ATL 11/15/2023 07:30PM ET,NYK,35.58
PF/C,Karl-Anthony Towns (31024884),Karl-Anthony Towns,31024884,PF/C/F/UTIL,7900,MIN@PHX 11/15/2023 09:00PM ET,MIN,38.06
SG/SF,Shaedon Sharpe (31024888),Shaedon Sharpe,31024888,SG/SF/F/G/UTIL,7800,CLE@POR 11/15/2023 10:00PM ET,POR,33.19
SG/SF,Jaylen Brown (31024893),Jaylen Brown,31024893,SG/SF/F/G/UTIL,7800,BOS@PHI 11/15/2023 07:30PM ET,BOS,37.15
C,Nikola Vucevic (31024898),Nikola Vucevic,31024898,C/UTIL,7800,ORL@CHI 11/15/2023 08:00PM ET,CHI,39.46
PF,Paolo Banchero (31024900),Paolo Banchero,31024900,PF/F/UTIL,7700,ORL@CHI 11/15/2023 08:00PM ET,ORL,38
SG/SF,Zach LaVine (31024903),Zach LaVine,31024903,SG/SF/F/G/UTIL,7700,ORL@CHI 11/15/2023 08:00PM ET,CHI,34.7
PF,Jerami Grant (31024908),Jerami Grant,31024908,PF/F/UTIL,7600,CLE@POR 11/15/2023 10:00PM ET,POR,34.39
PG,D'Angelo Russell (31024911),D'Angelo Russell,31024911,PG/G/UTIL,7500,SAC@LAL 11/15/2023 10:00PM ET,LAL,34.18
PF/C,Kristaps Porzingis (31024918),Kristaps Porzingis,31024918,PF/C/F/UTIL,7400,BOS@PHI 11/15/2023 07:30PM ET,BOS,34.1
SF/PF,DeMar DeRozan (31024914),DeMar DeRozan,31024914,SF/PF/F/UTIL,7400,ORL@CHI 11/15/2023 08:00PM ET,CHI,35.93
PF/C,Evan Mobley (31024922),Evan Mobley,31024922,PF/C/F/UTIL,7300,CLE@POR 11/15/2023 10:00PM ET,CLE,38.28
C,Deandre Ayton (31024926),Deandre Ayton,31024926,C/UTIL,7200,CLE@POR 11/15/2023 10:00PM ET,POR,34.06
PG,Darius Garland (31024928),Darius Garland,31024928,PG/G/UTIL,7200,CLE@POR 11/15/2023 10:00PM ET,CLE,32.54
PG/SG,Bradley Beal (31024931),Bradley Beal,31024931,PG/SG/G/UTIL,7100,MIN@PHX 11/15/2023 09:00PM ET,PHX,30.83
PG/SG,Skylar Mays (31024938),Skylar Mays,31024938,PG/SG/G/UTIL,7000,CLE@POR 11/15/2023 10:00PM ET,POR,16.09
SF,Franz Wagner (31024935),Franz Wagner,31024935,SF/F/UTIL,7000,ORL@CHI 11/15/2023 08:00PM ET,ORL,33.39
C,Jusuf Nurkic (31024942),Jusuf Nurkic,31024942,C/UTIL,6900,MIN@PHX 11/15/2023 09:00PM ET,PHX,33.05
C,Rudy Gobert (31024944),Rudy Gobert,31024944,C/UTIL,6900,MIN@PHX 11/15/2023 09:00PM ET,MIN,36.53
PG/SG,Jrue Holiday (31024946),Jrue Holiday,31024946,PG/SG/G/UTIL,6900,BOS@PHI 11/15/2023 07:30PM ET,BOS,33.92
PG,Dennis Schroder (31024954),Dennis Schroder,31024954,PG/G/UTIL,6800,MIL@TOR 11/15/2023 07:30PM ET,TOR,33.22
PG/SG,Jordan Poole (31024950),Jordan Poole,31024950,PG/SG/G/UTIL,6800,DAL@WAS 11/15/2023 07:00PM ET,WAS,28.15
PF,Jalen Johnson (31024957),Jalen Johnson,31024957,PF/F/UTIL,6700,NYK@ATL 11/15/2023 07:30PM ET,ATL,31.58
SF/PF,Tobias Harris (31024960),Tobias Harris,31024960,SF/PF/F/UTIL,6600,BOS@PHI 11/15/2023 07:30PM ET,PHI,34.58
SF/PF,RJ Barrett (31024969),RJ Barrett,31024969,SF/PF/F/UTIL,6400,NYK@ATL 11/15/2023 07:30PM ET,NYK,33.64
SG/SF,Caris LeVert (31024964),Caris LeVert,31024964,SG/SF/F/G/UTIL,6400,CLE@POR 11/15/2023 10:00PM ET,CLE,33.69
PF,Keegan Murray (31024973),Keegan Murray,31024973,PF/F/UTIL,6400,SAC@LAL 11/15/2023 10:00PM ET,SAC,31.67
SG/SF,Austin Reaves (31024976),Austin Reaves,31024976,SG/SF/F/G/UTIL,6300,SAC@LAL 11/15/2023 10:00PM ET,LAL,27.7
SG,OG Anunoby (31024985),OG Anunoby,31024985,SG/G/UTIL,6200,MIL@TOR 11/15/2023 07:30PM ET,TOR,28.31
SF/PF,Deni Avdija (31024981),Deni Avdija,31024981,SF/PF/F/UTIL,6200,DAL@WAS 11/15/2023 07:00PM ET,WAS,28.35
C,Jakob Poeltl (31024988),Jakob Poeltl,31024988,C/UTIL,6000,MIL@TOR 11/15/2023 07:30PM ET,TOR,25.42
PF,Kelly Oubre Jr. (31024990),Kelly Oubre Jr.,31024990,PF/F/UTIL,6000,BOS@PHI 11/15/2023 07:30PM ET,PHI,27.53
PG/SG,Derrick White (31024993),Derrick White,31024993,PG/SG/G/UTIL,6000,BOS@PHI 11/15/2023 07:30PM ET,BOS,28.62
SG/SF,Tim Hardaway Jr. (31025003),Tim Hardaway Jr.,31025003,SG/SF/F/G/UTIL,5900,DAL@WAS 11/15/2023 07:00PM ET,DAL,27.22
C,Jarrett Allen (31025008),Jarrett Allen,31025008,C/UTIL,5900,CLE@POR 11/15/2023 10:00PM ET,CLE,25.4
PG/SG,Malik Monk (31024997),Malik Monk,31024997,PG/SG/G/UTIL,5900,SAC@LAL 11/15/2023 10:00PM ET,SAC,28.42
C,Christian Wood (31025001),Christian Wood,31025001,C/UTIL,5900,SAC@LAL 11/15/2023 10:00PM ET,LAL,18.42
SG,Kevin Huerter (31025014),Kevin Huerter,31025014,SG/G/UTIL,5800,SAC@LAL 11/15/2023 10:00PM ET,SAC,25.94
PG/SG,Jalen Suggs (31025010),Jalen Suggs,31025010,PG/SG/G/UTIL,5800,ORL@CHI 11/15/2023 08:00PM ET,ORL,27.36
C,Wendell Carter Jr. (31025017),Wendell Carter Jr.,31025017,C/UTIL,5800,ORL@CHI 11/15/2023 08:00PM ET,ORL,24.55
PF/C,Bobby Portis (31025019),Bobby Portis,31025019,PF/C/F/UTIL,5700,MIL@TOR 11/15/2023 07:30PM ET,MIL,25.45
SF/PF,Josh Hart (31025023),Josh Hart,31025023,SF/PF/F/UTIL,5700,NYK@ATL 11/15/2023 07:30PM ET,NYK,20.98
C,Clint Capela (31025030),Clint Capela,31025030,C/UTIL,5700,NYK@ATL 11/15/2023 07:30PM ET,ATL,28.94
PG,Tyus Jones (31025027),Tyus Jones,31025027,PG/G/UTIL,5700,DAL@WAS 11/15/2023 07:00PM ET,WAS,22.95
SG/SF,Khris Middleton (31025037),Khris Middleton,31025037,SG/SF/F/G/UTIL,5600,MIL@TOR 11/15/2023 07:30PM ET,MIL,22.75
PG/SG,Immanuel Quickley (31025042),Immanuel Quickley,31025042,PG/SG/G/UTIL,5600,NYK@ATL 11/15/2023 07:30PM ET,NYK,26.12
SG/SF,Max Strus (31025032),Max Strus,31025032,SG/SF/F/G/UTIL,5600,CLE@POR 11/15/2023 10:00PM ET,CLE,30.75
PG,Markelle Fultz (31025046),Markelle Fultz,31025046,PG/G/UTIL,5600,ORL@CHI 11/15/2023 08:00PM ET,ORL,24.25
C,Mitchell Robinson (31025057),Mitchell Robinson,31025057,C/UTIL,5500,NYK@ATL 11/15/2023 07:30PM ET,NYK,26.35
PG/SG,Scoot Henderson (31025059),Scoot Henderson,31025059,PG/SG/G/UTIL,5500,CLE@POR 11/15/2023 10:00PM ET,POR,18.25
SG/SF,Grayson Allen (31025049),Grayson Allen,31025049,SG/SF/F/G/UTIL,5500,MIN@PHX 11/15/2023 09:00PM ET,PHX,25.42
PG/SG,De'Anthony Melton (31025063),De'Anthony Melton,31025063,PG/SG/G/UTIL,5500,BOS@PHI 11/15/2023 07:30PM ET,PHI,22.28
PF/C,Al Horford (31025067),Al Horford,31025067,PF/C/F/UTIL,5500,BOS@PHI 11/15/2023 07:30PM ET,BOS,17.5
PG,Coby White (31025054),Coby White,31025054,PG/G/UTIL,5500,ORL@CHI 11/15/2023 08:00PM ET,CHI,25.8
C,Brook Lopez (31025073),Brook Lopez,31025073,C/UTIL,5400,MIL@TOR 11/15/2023 07:30PM ET,MIL,22.25
SG/SF,Bogdan Bogdanovic (31025075),Bogdan Bogdanovic,31025075,SG/SF/F/G/UTIL,5400,NYK@ATL 11/15/2023 07:30PM ET,ATL,25.5
C,Daniel Gafford (31025071),Daniel Gafford,31025071,C/UTIL,5400,DAL@WAS 11/15/2023 07:00PM ET,WAS,24.31
PG,Mike Conley (31025080),Mike Conley,31025080,PG/G/UTIL,5400,MIN@PHX 11/15/2023 09:00PM ET,MIN,24.5
SF/PF,De'Andre Hunter (31025087),De'Andre Hunter,31025087,SF/PF/F/UTIL,5300,NYK@ATL 11/15/2023 07:30PM ET,ATL,23.72
PG/SG,Cole Anthony (31025083),Cole Anthony,31025083,PG/SG/G/UTIL,5300,ORL@CHI 11/15/2023 08:00PM ET,ORL,24.47
C,Dereck Lively II (31025093),Dereck Lively II,31025093,C/UTIL,5200,DAL@WAS 11/15/2023 07:00PM ET,DAL,22
C,Goga Bitadze (31025091),Goga Bitadze,31025091,C/UTIL,5200,ORL@CHI 11/15/2023 08:00PM ET,ORL,16.79
PG/SG,Eric Gordon (31025095),Eric Gordon,31025095,PG/SG/G/UTIL,5100,MIN@PHX 11/15/2023 09:00PM ET,PHX,24.06
C,Onyeka Okongwu (31025102),Onyeka Okongwu,31025102,C/UTIL,4900,NYK@ATL 11/15/2023 07:30PM ET,ATL,23.5
SF/PF,Derrick Jones Jr. (31025108),Derrick Jones Jr.,31025108,SF/PF/F/UTIL,4900,DAL@WAS 11/15/2023 07:00PM ET,DAL,17.4
PF,Rui Hachimura (31025099),Rui Hachimura,31025099,PF/F/UTIL,4900,SAC@LAL 11/15/2023 10:00PM ET,LAL,23.38
SF/PF,Harrison Barnes (31025104),Harrison Barnes,31025104,SF/PF/F/UTIL,4900,SAC@LAL 11/15/2023 10:00PM ET,SAC,18.61
SF/PF,Saddiq Bey (31025120),Saddiq Bey,31025120,SF/PF/F/UTIL,4800,NYK@ATL 11/15/2023 07:30PM ET,ATL,21.61
PF,Grant Williams (31025124),Grant Williams,31025124,PF/F/UTIL,4800,DAL@WAS 11/15/2023 07:00PM ET,DAL,20.62
PF/C,Naz Reid (31025116),Naz Reid,31025116,PF/C/F/UTIL,4800,MIN@PHX 11/15/2023 09:00PM ET,MIN,22.89
SG/SF,Cam Reddish (31025127),Cam Reddish,31025127,SG/SF/F/G/UTIL,4800,SAC@LAL 11/15/2023 10:00PM ET,LAL,15.75
PF/C,Moritz Wagner (31025112),Moritz Wagner,31025112,PF/C/F/UTIL,4800,ORL@CHI 11/15/2023 08:00PM ET,ORL,20.78
PG/SG,Gary Trent Jr. (31025136),Gary Trent Jr.,31025136,PG/SG/G/UTIL,4700,MIL@TOR 11/15/2023 07:30PM ET,TOR,17.5
PG/SG,Jaden Hardy (31025140),Jaden Hardy,31025140,PG/SG/G/UTIL,4700,DAL@WAS 11/15/2023 07:00PM ET,DAL,12.62
SF/PF,Keita Bates-Diop (31025132),Keita Bates-Diop,31025132,SF/PF/F/UTIL,4700,MIN@PHX 11/15/2023 09:00PM ET,PHX,17.21
SF/PF,Taurean Prince (31025144),Taurean Prince,31025144,SF/PF/F/UTIL,4700,SAC@LAL 11/15/2023 10:00PM ET,LAL,15.88
PG/SG,Cameron Payne (31025160),Cameron Payne,31025160,PG/SG/G/UTIL,4600,MIL@TOR 11/15/2023 07:30PM ET,MIL,11.9
SG/SF,Donte DiVincenzo (31025155),Donte DiVincenzo,31025155,SG/SF/F/G/UTIL,4600,NYK@ATL 11/15/2023 07:30PM ET,NYK,15.82
SF/PF,Kyle Anderson (31025148),Kyle Anderson,31025148,SF/PF/F/UTIL,4600,MIN@PHX 11/15/2023 09:00PM ET,MIN,21.31
PG,Jordan Goodwin (31025152),Jordan Goodwin,31025152,PG/G/UTIL,4600,MIN@PHX 11/15/2023 09:00PM ET,PHX,17.78
PF/C,Robert Covington (31025164),Robert Covington,31025164,PF/C/F/UTIL,4600,BOS@PHI 11/15/2023 07:30PM ET,PHI,12.22
C,Luke Kornet (31025168),Luke Kornet,31025168,C/UTIL,4600,BOS@PHI 11/15/2023 07:30PM ET,BOS,9.56
C,Precious Achiuwa (31025181),Precious Achiuwa,31025181,C/UTIL,4500,MIL@TOR 11/15/2023 07:30PM ET,TOR,18.15
SG/SF,Quentin Grimes (31025183),Quentin Grimes,31025183,SG/SF/F/G/UTIL,4500,NYK@ATL 11/15/2023 07:30PM ET,NYK,13.5
SF,Bilal Coulibaly (31025170),Bilal Coulibaly,31025170,SF/F/UTIL,4500,DAL@WAS 11/15/2023 07:00PM ET,WAS,19.38
C,Dwight Powell (31025195),Dwight Powell,31025195,C/UTIL,4500,DAL@WAS 11/15/2023 07:00PM ET,DAL,16.36
SF/PF,Isaac Okoro (31025173),Isaac Okoro,31025173,SF/PF/F/UTIL,4500,CLE@POR 11/15/2023 10:00PM ET,CLE,22.12
SF,Jaden McDaniels (31025188),Jaden McDaniels,31025188,SF/F/UTIL,4500,MIN@PHX 11/15/2023 09:00PM ET,MIN,18.89
C,Drew Eubanks (31025191),Drew Eubanks,31025191,C/UTIL,4500,MIN@PHX 11/15/2023 09:00PM ET,PHX,19.58
PG/SG,Alex Caruso (31025177),Alex Caruso,31025177,PG/SG/G/UTIL,4500,ORL@CHI 11/15/2023 08:00PM ET,CHI,21.25
C,Andre Drummond (31025193),Andre Drummond,31025193,C/UTIL,4500,ORL@CHI 11/15/2023 08:00PM ET,CHI,16.89
PF,Jae Crowder (31025200),Jae Crowder,31025200,PF/F/UTIL,4400,MIL@TOR 11/15/2023 07:30PM ET,MIL,18.36
PG,Delon Wright (31025197),Delon Wright,31025197,PG/G/UTIL,4400,DAL@WAS 11/15/2023 07:00PM ET,WAS,18.19
C,Paul Reed (31025203),Paul Reed,31025203,C/UTIL,4400,BOS@PHI 11/15/2023 07:30PM ET,PHI,13.11
SF,Sam Hauser (31025205),Sam Hauser,31025205,SF/F/UTIL,4400,BOS@PHI 11/15/2023 07:30PM ET,BOS,17.52
SG,Malik Beasley (31025210),Malik Beasley,31025210,SG/G/UTIL,4300,MIL@TOR 11/15/2023 07:30PM ET,MIL,17.5
C,Isaiah Hartenstein (31025208),Isaiah Hartenstein,31025208,C/UTIL,4300,NYK@ATL 11/15/2023 07:30PM ET,NYK,16.35
PF,Nicolas Batum (31025217),Nicolas Batum,31025217,PF/F/UTIL,4200,BOS@PHI 11/15/2023 07:30PM ET,PHI,15.75
PG/SG,Davion Mitchell (31025213),Davion Mitchell,31025213,PG/SG/G/UTIL,4200,SAC@LAL 11/15/2023 10:00PM ET,SAC,13.91
PF,Chris Boucher (31025220),Chris Boucher,31025220,PF/F/UTIL,4100,MIL@TOR 11/15/2023 07:30PM ET,TOR,15.88
SF,Josh Okogie (31025223),Josh Okogie,31025223,SF/F/UTIL,4100,MIN@PHX 11/15/2023 09:00PM ET,PHX,16.12
SF/PF,Otto Porter Jr. (31025241),Otto Porter Jr.,31025241,SF/PF/F/UTIL,4000,MIL@TOR 11/15/2023 07:30PM ET,TOR,10.7
SG/SF,Corey Kispert (31025232),Corey Kispert,31025232,SG/SF/F/G/UTIL,4000,DAL@WAS 11/15/2023 07:00PM ET,WAS,16.47
SF/PF,Josh Green (31025250),Josh Green,31025250,SF/PF/F/UTIL,4000,DAL@WAS 11/15/2023 07:00PM ET,DAL,16.55
SF,Matisse Thybulle (31025229),Matisse Thybulle,31025229,SF/F/UTIL,4000,CLE@POR 11/15/2023 10:00PM ET,POR,13.36
PG/SG,Gabe Vincent (31025237),Gabe Vincent,31025237,PG/SG/G/UTIL,4000,SAC@LAL 11/15/2023 10:00PM ET,LAL,14.62
PF,Torrey Craig (31025226),Torrey Craig,31025226,PF/F/UTIL,4000,ORL@CHI 11/15/2023 08:00PM ET,CHI,16.7
SG/SF,Ayo Dosunmu (31025245),Ayo Dosunmu,31025245,SG/SF/F/G/UTIL,4000,ORL@CHI 11/15/2023 08:00PM ET,CHI,10.92
SF/PF,Georges Niang (31025254),Georges Niang,31025254,SF/PF/F/UTIL,3900,CLE@POR 11/15/2023 10:00PM ET,CLE,13.2
PG/SG,Nickeil Alexander-Walker (31025264),Nickeil Alexander-Walker,31025264,PG/SG/G/UTIL,3900,MIN@PHX 11/15/2023 09:00PM ET,MIN,14.94
PG/SG,Patrick Beverley (31025268),Patrick Beverley,31025268,PG/SG/G/UTIL,3900,BOS@PHI 11/15/2023 07:30PM ET,PHI,11.58
PG,Keon Ellis (31025261),Keon Ellis,31025261,PG/G/UTIL,3900,SAC@LAL 11/15/2023 10:00PM ET,SAC,11.17
PF,Patrick Williams (31025258),Patrick Williams,31025258,PF/F/UTIL,3900,ORL@CHI 11/15/2023 08:00PM ET,CHI,15.64
SF/PF,Pat Connaughton (31025276),Pat Connaughton,31025276,SF/PF/F/UTIL,3800,MIL@TOR 11/15/2023 07:30PM ET,MIL,13.85
SF/PF,Toumani Camara (31025272),Toumani Camara,31025272,SF/PF/F/UTIL,3800,CLE@POR 11/15/2023 10:00PM ET,POR,15.83
PG/SG,Shake Milton (31025285),Shake Milton,31025285,PG/SG/G/UTIL,3800,MIN@PHX 11/15/2023 09:00PM ET,MIN,10.03
SG/SF,Anthony Black (31025280),Anthony Black,31025280,SG/SF/F/G/UTIL,3800,ORL@CHI 11/15/2023 08:00PM ET,ORL,13.39
PF,Danilo Gallinari (31025293),Danilo Gallinari,31025293,PF/F/UTIL,3700,DAL@WAS 11/15/2023 07:00PM ET,WAS,15.33
PG,Dante Exum (31025298),Dante Exum,31025298,PG/G/UTIL,3700,DAL@WAS 11/15/2023 07:00PM ET,DAL,8.39
C,Alex Len (31025296),Alex Len,31025296,C/UTIL,3700,SAC@LAL 11/15/2023 10:00PM ET,SAC,8.92
PF/C,Jonathan Isaac (31025289),Jonathan Isaac,31025289,PF/C/F/UTIL,3700,ORL@CHI 11/15/2023 08:00PM ET,ORL,14.71
PG,Malachi Flynn (31025305),Malachi Flynn,31025305,PG/G/UTIL,3600,MIL@TOR 11/15/2023 07:30PM ET,TOR,12.22
SG/SF,Garrison Mathews (31025308),Garrison Mathews,31025308,SG/SF/F/G/UTIL,3600,NYK@ATL 11/15/2023 07:30PM ET,ATL,0.62
PG/SG,Payton Pritchard (31025301),Payton Pritchard,31025301,PG/SG/G/UTIL,3600,BOS@PHI 11/15/2023 07:30PM ET,BOS,14.75
SG/SF,Gradey Dick (31025319),Gradey Dick,31025319,SG/SF/F/G/UTIL,3500,MIL@TOR 11/15/2023 07:30PM ET,TOR,7.8
SG/SF,Marjon Beauchamp (31025328),Marjon Beauchamp,31025328,SG/SF/F/G/UTIL,3500,MIL@TOR 11/15/2023 07:30PM ET,MIL,12.69
SG/SF,AJ Griffin (31025341),AJ Griffin,31025341,SG/SF/F/G/UTIL,3500,NYK@ATL 11/15/2023 07:30PM ET,ATL,5.12
SG/SF,Wesley Matthews (31025346),Wesley Matthews,31025346,SG/SF/F/G/UTIL,3500,NYK@ATL 11/15/2023 07:30PM ET,ATL,10
PF/C,Maxi Kleber (31025324),Maxi Kleber,31025324,PF/C/F/UTIL,3500,DAL@WAS 11/15/2023 07:00PM ET,DAL,12.35
PF,Dean Wade (31025333),Dean Wade,31025333,PF/F/UTIL,3500,CLE@POR 11/15/2023 10:00PM ET,CLE,10.64
SF,Danuel House Jr. (31025338),Danuel House Jr.,31025338,SF/F/UTIL,3500,BOS@PHI 11/15/2023 07:30PM ET,PHI,5.69
C,Jaxson Hayes (31025317),Jaxson Hayes,31025317,C/UTIL,3500,SAC@LAL 11/15/2023 10:00PM ET,LAL,4.28
C,Trey Lyles (31025336),Trey Lyles,31025336,C/UTIL,3500,SAC@LAL 11/15/2023 10:00PM ET,SAC,0
SF/PF,Joe Ingles (31025313),Joe Ingles,31025313,SF/PF/F/UTIL,3500,ORL@CHI 11/15/2023 08:00PM ET,ORL,12.14
PG/SG,Patty Mills (31025363),Patty Mills,31025363,PG/SG/G/UTIL,3400,NYK@ATL 11/15/2023 07:30PM ET,ATL,0
C,Anthony Gill (31025351),Anthony Gill,31025351,C/UTIL,3400,DAL@WAS 11/15/2023 07:00PM ET,WAS,7.65
C,Tristan Thompson (31025353),Tristan Thompson,31025353,C/UTIL,3400,CLE@POR 11/15/2023 10:00PM ET,CLE,7.34
SG/SF,Furkan Korkmaz (31025367),Furkan Korkmaz,31025367,SG/SF/F/G/UTIL,3400,BOS@PHI 11/15/2023 07:30PM ET,PHI,5.86
PF,Oshae Brissett (31025372),Oshae Brissett,31025372,PF/F/UTIL,3400,BOS@PHI 11/15/2023 07:30PM ET,BOS,6.83
SF/PF,Sasha Vezenkov (31025359),Sasha Vezenkov,31025359,SF/PF/F/UTIL,3400,SAC@LAL 11/15/2023 10:00PM ET,SAC,11.25
PG/SG,Jevon Carter (31025355),Jevon Carter,31025355,PG/SG/G/UTIL,3400,ORL@CHI 11/15/2023 08:00PM ET,CHI,11.86
PG/SF,Trent Forrest (31025397),Trent Forrest,31025397,PG/SF/F/G/UTIL,3300,NYK@ATL 11/15/2023 07:30PM ET,ATL,1.5
PG/SG,Landry Shamet (31025384),Landry Shamet,31025384,PG/SG/G/UTIL,3300,DAL@WAS 11/15/2023 07:00PM ET,WAS,13.25
PF/C,Jabari Walker (31025375),Jabari Walker,31025375,PF/C/F/UTIL,3300,CLE@POR 11/15/2023 10:00PM ET,POR,12.94
PG/SG,Jamaree Bouyea (31025393),Jamaree Bouyea,31025393,PG/SG/G/UTIL,3300,CLE@POR 11/15/2023 10:00PM ET,POR,15
SG/SF,Max Christie (31025379),Max Christie,31025379,SG/SF/F/G/UTIL,3300,SAC@LAL 11/15/2023 10:00PM ET,LAL,9.08
SG/SF,Colby Jones (31025388),Colby Jones,31025388,SG/SF/F/G/UTIL,3300,SAC@LAL 11/15/2023 10:00PM ET,SAC,6.67
SF/PF,Jalen McDaniels (31025406),Jalen McDaniels,31025406,SF/PF/F/UTIL,3200,MIL@TOR 11/15/2023 07:30PM ET,TOR,3.38
SF/PF,Eugene Omoruyi (31025402),Eugene Omoruyi,31025402,SF/PF/F/UTIL,3200,DAL@WAS 11/15/2023 07:00PM ET,WAS,11.12
C,Duop Reath (31025416),Duop Reath,31025416,C/UTIL,3200,CLE@POR 11/15/2023 10:00PM ET,POR,22.75
PF,Yuta Watanabe (31025418),Yuta Watanabe,31025418,PF/F/UTIL,3200,MIN@PHX 11/15/2023 09:00PM ET,PHX,11.65
SG,Jaden Springer (31025410),Jaden Springer,31025410,SG/G/UTIL,3200,BOS@PHI 11/15/2023 07:30PM ET,PHI,5.58
PG,Jordan Ford (31025413),Jordan Ford,31025413,PG/G/UTIL,3200,SAC@LAL 11/15/2023 10:00PM ET,SAC,2.56
SG,Gary Harris (31025421),Gary Harris,31025421,SG/G/UTIL,3200,ORL@CHI 11/15/2023 08:00PM ET,ORL,14.55
SG/SF,Chris Duarte (31025424),Chris Duarte,31025424,SG/SF/F/G/UTIL,3100,SAC@LAL 11/15/2023 10:00PM ET,SAC,8.94
SF,Maxwell Lewis (31025429),Maxwell Lewis,31025429,SF/F/UTIL,3100,SAC@LAL 11/15/2023 10:00PM ET,LAL,0.25
C,Colin Castleton (31025432),Colin Castleton,31025432,C/UTIL,3100,SAC@LAL 11/15/2023 10:00PM ET,LAL,5.38
PF/C,Jarred Vanderbilt (31025434),Jarred Vanderbilt,31025434,PF/C/F/UTIL,3100,SAC@LAL 11/15/2023 10:00PM ET,LAL,0
PG,Lindell Wigginton (31025441),Lindell Wigginton,31025441,PG/G/UTIL,3000,MIL@TOR 11/15/2023 07:30PM ET,MIL,0
SG/SF,Garrett Temple (31025554),Garrett Temple,31025554,SG/SF/F/G/UTIL,3000,MIL@TOR 11/15/2023 07:30PM ET,TOR,3.08
PF/C,Thaddeus Young (31025559),Thaddeus Young,31025559,PF/C/F/UTIL,3000,MIL@TOR 11/15/2023 07:30PM ET,TOR,5.5
PG,Markquis Nowell (31025563),Markquis Nowell,31025563,PG/G/UTIL,3000,MIL@TOR 11/15/2023 07:30PM ET,TOR,0
PG/SG,Javon Freeman-Liberty (31025566),Javon Freeman-Liberty,31025566,PG/SG/G/UTIL,3000,MIL@TOR 11/15/2023 07:30PM ET,TOR,0
SF,Ron Harper Jr. (31025570),Ron Harper Jr.,31025570,SF/F/UTIL,3000,MIL@TOR 11/15/2023 07:30PM ET,TOR,0
C,Christian Koloko (31025573),Christian Koloko,31025573,C/UTIL,3000,MIL@TOR 11/15/2023 07:30PM ET,TOR,0
C,Robin Lopez (31025711),Robin Lopez,31025711,C/UTIL,3000,MIL@TOR 11/15/2023 07:30PM ET,MIL,3
PG,TyTy Washington Jr. (31025713),TyTy Washington Jr.,31025713,PG/G/UTIL,3000,MIL@TOR 11/15/2023 07:30PM ET,MIL,3
C,Marques Bolden (31025716),Marques Bolden,31025716,C/UTIL,3000,MIL@TOR 11/15/2023 07:30PM ET,MIL,0
PF/C,Thanasis Antetokounmpo (31025718),Thanasis Antetokounmpo,31025718,PF/C/F/UTIL,3000,MIL@TOR 11/15/2023 07:30PM ET,MIL,3.33
PG,AJ Green (31025722),AJ Green,31025722,PG/G/UTIL,3000,MIL@TOR 11/15/2023 07:30PM ET,MIL,6.88
PG/SF,Andre Jackson Jr. (31025725),Andre Jackson Jr.,31025725,PG/SF/F/G/UTIL,3000,MIL@TOR 11/15/2023 07:30PM ET,MIL,5.96
PF,Chris Livingston (31025730),Chris Livingston,31025730,PF/F/UTIL,3000,MIL@TOR 11/15/2023 07:30PM ET,MIL,3.5
PG,Duane Washington Jr. (31025536),Duane Washington Jr.,31025536,PG/G/UTIL,3000,NYK@ATL 11/15/2023 07:30PM ET,NYK,0
PF,Miles Norris (31025539),Miles Norris,31025539,PF/F/UTIL,3000,NYK@ATL 11/15/2023 07:30PM ET,ATL,0
SF,Seth Lundy (31025542),Seth Lundy,31025542,SF/F/UTIL,3000,NYK@ATL 11/15/2023 07:30PM ET,ATL,0
C,Bruno Fernando (31025545),Bruno Fernando,31025545,C/UTIL,3000,NYK@ATL 11/15/2023 07:30PM ET,ATL,-0.33
PF/C,Mouhamed Gueye (31025547),Mouhamed Gueye,31025547,PF/C/F/UTIL,3000,NYK@ATL 11/15/2023 07:30PM ET,ATL,1
PG,Kobe Bufkin (31025551),Kobe Bufkin,31025551,PG/G/UTIL,3000,NYK@ATL 11/15/2023 07:30PM ET,ATL,1.75
PF,Jacob Toppin (31025684),Jacob Toppin,31025684,PF/F/UTIL,3000,NYK@ATL 11/15/2023 07:30PM ET,NYK,0
SF,Charlie Brown (31025687),Charlie Brown,31025687,SF/F/UTIL,3000,NYK@ATL 11/15/2023 07:30PM ET,NYK,0
PG,Miles McBride (31025690),Miles McBride,31025690,PG/G/UTIL,3000,NYK@ATL 11/15/2023 07:30PM ET,NYK,3.36
SF,DaQuan Jeffries (31025693),DaQuan Jeffries,31025693,SF/F/UTIL,3000,NYK@ATL 11/15/2023 07:30PM ET,NYK,2.75
SF,Dylan Windler (31025696),Dylan Windler,31025696,SF/F/UTIL,3000,NYK@ATL 11/15/2023 07:30PM ET,NYK,2.08
PF/C,Jericho Sims (31025699),Jericho Sims,31025699,PF/C/F/UTIL,3000,NYK@ATL 11/15/2023 07:30PM ET,NYK,2.9
PG,Ryan Arcidiacono (31025703),Ryan Arcidiacono,31025703,PG/G/UTIL,3000,NYK@ATL 11/15/2023 07:30PM ET,NYK,0.42
SG/SF,Evan Fournier (31025706),Evan Fournier,31025706,SG/SF/F/G/UTIL,3000,NYK@ATL 11/15/2023 07:30PM ET,NYK,0
C,John Butler (31025444),John Butler,31025444,C/UTIL,3000,DAL@WAS 11/15/2023 07:00PM ET,WAS,0
C,Mike Muscala (31025508),Mike Muscala,31025508,C/UTIL,3000,DAL@WAS 11/15/2023 07:00PM ET,WAS,7.04
PG/SG,Ryan Rollins (31025510),Ryan Rollins,31025510,PG/SG/G/UTIL,3000,DAL@WAS 11/15/2023 07:00PM ET,WAS,12.42
PG,Jared Butler (31025514),Jared Butler,31025514,PG/G/UTIL,3000,DAL@WAS 11/15/2023 07:00PM ET,WAS,2.25
PF,Patrick Baldwin Jr. (31025517),Patrick Baldwin Jr.,31025517,PF/F/UTIL,3000,DAL@WAS 11/15/2023 07:00PM ET,WAS,0.75
SG,Johnny Davis (31025520),Johnny Davis,31025520,SG/G/UTIL,3000,DAL@WAS 11/15/2023 07:00PM ET,WAS,9.35
SG,Dexter Dennis (31025642),Dexter Dennis,31025642,SG/G/UTIL,3000,DAL@WAS 11/15/2023 07:00PM ET,DAL,0
C,Richaun Holmes (31025645),Richaun Holmes,31025645,C/UTIL,3000,DAL@WAS 11/15/2023 07:00PM ET,DAL,5
SF/PF,Olivier-Maxence Prosper (31025647),Olivier-Maxence Prosper,31025647,SF/PF/F/UTIL,3000,DAL@WAS 11/15/2023 07:00PM ET,DAL,2.08
SG,AJ Lawson (31025651),AJ Lawson,31025651,SG/G/UTIL,3000,DAL@WAS 11/15/2023 07:00PM ET,DAL,0
SG,Seth Curry (31025654),Seth Curry,31025654,SG/G/UTIL,3000,DAL@WAS 11/15/2023 07:00PM ET,DAL,4.89
PF,Greg Brown (31025657),Greg Brown,31025657,PF/F/UTIL,3000,DAL@WAS 11/15/2023 07:00PM ET,DAL,0
PF/C,Markieff Morris (31025660),Markieff Morris,31025660,PF/C/F/UTIL,3000,DAL@WAS 11/15/2023 07:00PM ET,DAL,1.25
SG,Sam Merrill (31025438),Sam Merrill,31025438,SG/G/UTIL,3000,CLE@POR 11/15/2023 10:00PM ET,CLE,4.69
SF/PF,Kris Murray (31025446),Kris Murray,31025446,SF/PF/F/UTIL,3000,CLE@POR 11/15/2023 10:00PM ET,POR,1.31
SF,Rayan Rupert (31025450),Rayan Rupert,31025450,SF/F/UTIL,3000,CLE@POR 11/15/2023 10:00PM ET,POR,0
PF,Robert Williams (31025456),Robert Williams,31025456,PF/F/UTIL,3000,CLE@POR 11/15/2023 10:00PM ET,POR,20.08
C,Moses Brown (31025523),Moses Brown,31025523,C/UTIL,3000,CLE@POR 11/15/2023 10:00PM ET,POR,11.25
SF,Justin Minaya (31025525),Justin Minaya,31025525,SF/F/UTIL,3000,CLE@POR 11/15/2023 10:00PM ET,POR,2
PF/C,Ish Wainright (31025528),Ish Wainright,31025528,PF/C/F/UTIL,3000,CLE@POR 11/15/2023 10:00PM ET,POR,0
PG/SG,Anfernee Simons (31025532),Anfernee Simons,31025532,PG/SG/G/UTIL,3000,CLE@POR 11/15/2023 10:00PM ET,POR,31.5
C,Damian Jones (31025664),Damian Jones,31025664,C/UTIL,3000,CLE@POR 11/15/2023 10:00PM ET,CLE,3.29
PG,Craig Porter Jr. (31025666),Craig Porter Jr.,31025666,PG/G/UTIL,3000,CLE@POR 11/15/2023 10:00PM ET,CLE,8.1
SF/PF,Emoni Bates (31025669),Emoni Bates,31025669,SF/PF/F/UTIL,3000,CLE@POR 11/15/2023 10:00PM ET,CLE,6.83
PF/C,Isaiah Mobley (31025673),Isaiah Mobley,31025673,PF/C/F/UTIL,3000,CLE@POR 11/15/2023 10:00PM ET,CLE,1.25
PG/SG,Ty Jerome (31025677),Ty Jerome,31025677,PG/SG/G/UTIL,3000,CLE@POR 11/15/2023 10:00PM ET,CLE,4.62
PG,Ricky Rubio (31025681),Ricky Rubio,31025681,PG/G/UTIL,3000,CLE@POR 11/15/2023 10:00PM ET,CLE,0
SG,Josh Minott (31025453),Josh Minott,31025453,SG/G/UTIL,3000,MIN@PHX 11/15/2023 09:00PM ET,MIN,2.3
PG,Saben Lee (31025489),Saben Lee,31025489,PG/G/UTIL,3000,MIN@PHX 11/15/2023 09:00PM ET,PHX,5.42
C,Chimezie Metu (31025492),Chimezie Metu,31025492,C/UTIL,3000,MIN@PHX 11/15/2023 09:00PM ET,PHX,2.38
C,Udoka Azubuike (31025494),Udoka Azubuike,31025494,C/UTIL,3000,MIN@PHX 11/15/2023 09:00PM ET,PHX,3.5
PF/C,Bol Bol (31025496),Bol Bol,31025496,PF/C/F/UTIL,3000,MIN@PHX 11/15/2023 09:00PM ET,PHX,2.12
SF/PF,Nassir Little (31025500),Nassir Little,31025500,SF/PF/F/UTIL,3000,MIN@PHX 11/15/2023 09:00PM ET,PHX,8.35
PG/SG,Damion Lee (31025504),Damion Lee,31025504,PG/SG/G/UTIL,3000,MIN@PHX 11/15/2023 09:00PM ET,PHX,0
SF,Troy Brown Jr. (31025622),Troy Brown Jr.,31025622,SF/F/UTIL,3000,MIN@PHX 11/15/2023 09:00PM ET,MIN,4.67
PG,Daishen Nix (31025625),Daishen Nix,31025625,PG/G/UTIL,3000,MIN@PHX 11/15/2023 09:00PM ET,MIN,1.33
C,Luka Garza (31025628),Luka Garza,31025628,C/UTIL,3000,MIN@PHX 11/15/2023 09:00PM ET,MIN,5.38
PF,Leonard Miller (31025630),Leonard Miller,31025630,PF/F/UTIL,3000,MIN@PHX 11/15/2023 09:00PM ET,MIN,1.25
SG,Wendell Moore Jr. (31025633),Wendell Moore Jr.,31025633,SG/G/UTIL,3000,MIN@PHX 11/15/2023 09:00PM ET,MIN,0
PG,Jordan McLaughlin (31025636),Jordan McLaughlin,31025636,PG/G/UTIL,3000,MIN@PHX 11/15/2023 09:00PM ET,MIN,3.4
SG,Jaylen Clark (31025639),Jaylen Clark,31025639,SG/G/UTIL,3000,MIN@PHX 11/15/2023 09:00PM ET,MIN,0
SG,Ricky Council IV (31025575),Ricky Council IV,31025575,SG/G/UTIL,3000,BOS@PHI 11/15/2023 07:30PM ET,PHI,0
C,Mo Bamba (31025578),Mo Bamba,31025578,C/UTIL,3000,BOS@PHI 11/15/2023 07:30PM ET,PHI,3
PG,Javonte Smart (31025580),Javonte Smart,31025580,PG/G/UTIL,3000,BOS@PHI 11/15/2023 07:30PM ET,PHI,0
PG,Terquavion Smith (31025583),Terquavion Smith,31025583,PG/G/UTIL,3000,BOS@PHI 11/15/2023 07:30PM ET,PHI,0
SF/PF,KJ Martin (31025586),KJ Martin,31025586,SF/PF/F/UTIL,3000,BOS@PHI 11/15/2023 07:30PM ET,PHI,4.6
SF/PF,Marcus Morris Sr. (31025590),Marcus Morris Sr.,31025590,SF/PF/F/UTIL,3000,BOS@PHI 11/15/2023 07:30PM ET,PHI,3.75
SG/SF,Lamar Stevens (31025733),Lamar Stevens,31025733,SG/SF/F/G/UTIL,3000,BOS@PHI 11/15/2023 07:30PM ET,BOS,6.42
SG,Svi Mykhailiuk (31025738),Svi Mykhailiuk,31025738,SG/G/UTIL,3000,BOS@PHI 11/15/2023 07:30PM ET,BOS,3.2
C,Nathan Knight (31025741),Nathan Knight,31025741,C/UTIL,3000,BOS@PHI 11/15/2023 07:30PM ET,BOS,0
SF,Jordan Walsh (31025743),Jordan Walsh,31025743,SF/F/UTIL,3000,BOS@PHI 11/15/2023 07:30PM ET,BOS,0
PG,JD Davison (31025746),JD Davison,31025746,PG/G/UTIL,3000,BOS@PHI 11/15/2023 07:30PM ET,BOS,0
PG,Dalano Banton (31025749),Dalano Banton,31025749,PG/G/UTIL,3000,BOS@PHI 11/15/2023 07:30PM ET,BOS,6.25
C,Neemias Queta (31025752),Neemias Queta,31025752,C/UTIL,3000,BOS@PHI 11/15/2023 07:30PM ET,BOS,0
SF,Alex Fudge (31025480),Alex Fudge,31025480,SF/F/UTIL,3000,SAC@LAL 11/15/2023 10:00PM ET,LAL,0
SG,D'Moi Hodge (31025483),D'Moi Hodge,31025483,SG/G/UTIL,3000,SAC@LAL 11/15/2023 10:00PM ET,LAL,3
PG,Jalen Hood-Schifino (31025486),Jalen Hood-Schifino,31025486,PG/G/UTIL,3000,SAC@LAL 11/15/2023 10:00PM ET,LAL,0
SF/PF,Kessler Edwards (31025611),Kessler Edwards,31025611,SF/PF/F/UTIL,3000,SAC@LAL 11/15/2023 10:00PM ET,SAC,2.68
C,JaVale McGee (31025615),JaVale McGee,31025615,C/UTIL,3000,SAC@LAL 11/15/2023 10:00PM ET,SAC,12.43
SF,Jalen Slawson (31025617),Jalen Slawson,31025617,SF/F/UTIL,3000,SAC@LAL 11/15/2023 10:00PM ET,SAC,0
C,Filip Petrusev (31025620),Filip Petrusev,31025620,C/UTIL,3000,SAC@LAL 11/15/2023 10:00PM ET,SAC,1.25
C,Adama Sanogo (31025459),Adama Sanogo,31025459,C/UTIL,3000,ORL@CHI 11/15/2023 08:00PM ET,CHI,0
SG,Onuralp Bitim (31025461),Onuralp Bitim,31025461,SG/G/UTIL,3000,ORL@CHI 11/15/2023 08:00PM ET,CHI,0
SF,Julian Phillips (31025464),Julian Phillips,31025464,SF/F/UTIL,3000,ORL@CHI 11/15/2023 08:00PM ET,CHI,0.31
PF/C,Terry Taylor (31025467),Terry Taylor,31025467,PF/C/F/UTIL,3000,ORL@CHI 11/15/2023 08:00PM ET,CHI,1.08
PF,Justin Lewis (31025471),Justin Lewis,31025471,PF/F/UTIL,3000,ORL@CHI 11/15/2023 08:00PM ET,CHI,0
SF,Dalen Terry (31025474),Dalen Terry,31025474,SF/F/UTIL,3000,ORL@CHI 11/15/2023 08:00PM ET,CHI,4.12
PG,Lonzo Ball (31025477),Lonzo Ball,31025477,PG/G/UTIL,3000,ORL@CHI 11/15/2023 08:00PM ET,CHI,0
PF/C,Chuma Okeke (31025594),Chuma Okeke,31025594,PF/C/F/UTIL,3000,ORL@CHI 11/15/2023 08:00PM ET,ORL,2.62
SF,Jett Howard (31025598),Jett Howard,31025598,SF/F/UTIL,3000,ORL@CHI 11/15/2023 08:00PM ET,ORL,2
SF/PF,Caleb Houstan (31025601),Caleb Houstan,31025601,SF/PF/F/UTIL,3000,ORL@CHI 11/15/2023 08:00PM ET,ORL,4.69
SF,Admiral Schofield (31025605),Admiral Schofield,31025605,SF/F/UTIL,3000,ORL@CHI 11/15/2023 08:00PM ET,ORL,5.5
SG,Kevon Harris (31025608),Kevon Harris,31025608,SG/G/UTIL,3000,ORL@CHI 11/15/2023 08:00PM ET,ORL,0
